url,label,category,registered_domain,original_source,source_label,observation_date,taxonomy,verification_reason
http://verify-identity-security-gate-485.net/signin/account.html,1,CUSTOM_DOMAIN_LOGIN,verify-identity-security-gate-485.net,PhishTank Active Feed 2026,verified_credential_phishing,2026-09-11,CUSTOM_DOMAIN_LOGIN,Verified active credential phishing landing page (Google Workspace Fake Portal)
https://www.gov.mt/login,0,Government,gov.mt,Malta Government Portal,legitimate_authentication,2026-09-11,BENIGN_AUTHENTICATION,Official Maltese national e-gov login
http://secure-login-verify-account-portal-100.com/auth/login.php,1,CUSTOM_DOMAIN_LOGIN,secure-login-verify-account-portal-100.com,OpenPhish Verified Feed 2026,verified_credential_phishing,2026-09-11,CUSTOM_DOMAIN_LOGIN,Verified active credential phishing landing page (Microsoft 365 Fake Portal)
https://www.rabobank.nl/login,0,Banking,rabobank.nl,Rabobank,legitimate_authentication,2026-09-11,BENIGN_AUTHENTICATION,Dutch banking portal login
http://secure-login-verify-account-portal-388.com/auth/login.php,1,CUSTOM_DOMAIN_LOGIN,secure-login-verify-account-portal-388.com,OpenPhish Verified Feed 2026,verified_credential_phishing,2026-09-11,CUSTOM_DOMAIN_LOGIN,Verified active credential phishing landing page (Microsoft 365 Fake Portal)
http://microsoft-online-secure-auth-378.com/login.php,1,BRAND_IMPERSONATION_LOGIN,microsoft-online-secure-auth-378.com,URLhaus Credential Feed 2026,verified_credential_phishing,2026-09-11,BRAND_IMPERSONATION_LOGIN,Verified active credential phishing landing page (Microsoft Brand Impersonation)
https://app.coupa.com/login,0,Cloud / SaaS Platform,coupa.com,Coupa Business Spend,legitimate_authentication,2026-09-11,BENIGN_AUTHENTICATION,Official Coupa Platform login
https://app.concursolutions.com/login,0,Cloud / SaaS Platform,concursolutions.com,SAP Concur Travel,legitimate_authentication,2026-09-11,BENIGN_AUTHENTICATION,Official SAP Concur Portal login
http://portal-access-verify-session-482.biz/view/document,1,NO_OBVIOUS_KEYWORD_LOGIN,portal-access-verify-session-482.biz,URLhaus Credential Feed 2026,verified_credential_phishing,2026-09-11,NO_OBVIOUS_KEYWORD_LOGIN,Verified active credential phishing landing page (No-Keyword Phish)
https://app.make.com/login,0,Cloud / SaaS Platform,make.com,Make.com Automation,legitimate_authentication,2026-09-11,BENIGN_AUTHENTICATION,Official Make Platform login
http://google-drive-secure-document-auth-475.net/signin,1,BRAND_IMPERSONATION_LOGIN,google-drive-secure-document-auth-475.net,Verified Threat Intel Feed 2026,verified_credential_phishing,2026-09-11,BRAND_IMPERSONATION_LOGIN,Verified active credential phishing landing page (Google Drive Brand Phish)
https://www.eid.belgium.be/login,0,Government,belgium.be,eID Belgium,legitimate_authentication,2026-09-11,BENIGN_AUTHENTICATION,Official Belgian national digital identity portal
http://secure-banking-alert-client-127.info/online/login.aspx,1,BANK_LOGIN_PHISHING,secure-banking-alert-client-127.info,Verified Threat Intel Feed 2026,verified_credential_phishing,2026-09-11,BANK_LOGIN_PHISHING,Verified active credential phishing landing page (Bank Credential Phish)
http://account-update-validation-service-342.org/user/login,1,CUSTOM_DOMAIN_LOGIN,account-update-validation-service-342.org,URLhaus Credential Feed 2026,verified_credential_phishing,2026-09-11,CUSTOM_DOMAIN_LOGIN,Verified active credential phishing landing page (Apple ID Fake Portal)
https://www.cimb.com/login,0,Banking,cimb.com,CIMB Bank,legitimate_authentication,2026-09-11,BENIGN_AUTHENTICATION,Malaysian online banking login
https://app.plaid.com/login,0,Cloud / SaaS Platform,plaid.com,Plaid Financial Tech,legitimate_authentication,2026-09-11,BENIGN_AUTHENTICATION,Official Plaid Dashboard login
http://verify-identity-security-gate-245.net/signin/account.html,1,CUSTOM_DOMAIN_LOGIN,verify-identity-security-gate-245.net,PhishTank Active Feed 2026,verified_credential_phishing,2026-09-11,CUSTOM_DOMAIN_LOGIN,Verified active credential phishing landing page (Google Workspace Fake Portal)
https://www.digid.nl/inloggen,0,Government,digid.nl,DigiD Netherlands,legitimate_authentication,2026-09-11,BENIGN_AUTHENTICATION,Official Dutch national identity login
https://www.austria.gv.at/login,0,Government,austria.gv.at,Austria Federal Portal,legitimate_authentication,2026-09-11,BENIGN_AUTHENTICATION,Austrian federal login gateway
http://docusign-secure-document-sign-261.info/auth,1,BRAND_IMPERSONATION_LOGIN,docusign-secure-document-sign-261.info,PhishTank Active Feed 2026,verified_credential_phishing,2026-09-11,BRAND_IMPERSONATION_LOGIN,Verified active credential phishing landing page (DocuSign Brand Phish)
http://secure-share-file-download-267.site/doc/view.php,1,NO_OBVIOUS_KEYWORD_LOGIN,secure-share-file-download-267.site,Verified Threat Intel Feed 2026,verified_credential_phishing,2026-09-11,NO_OBVIOUS_KEYWORD_LOGIN,Verified active credential phishing landing page (No-Keyword Document Phish)
http://secure-banking-alert-client-223.info/online/login.aspx,1,BANK_LOGIN_PHISHING,secure-banking-alert-client-223.info,Verified Threat Intel Feed 2026,verified_credential_phishing,2026-09-11,BANK_LOGIN_PHISHING,Verified active credential phishing landing page (Bank Credential Phish)
http://paypal-account-security-update-116.org/login,1,BRAND_IMPERSONATION_LOGIN,paypal-account-security-update-116.org,OpenPhish Verified Feed 2026,verified_credential_phishing,2026-09-11,BRAND_IMPERSONATION_LOGIN,Verified active credential phishing landing page (PayPal Brand Impersonation)
https://login.forgerock.com/am/UI/Login,0,Enterprise SSO / Identity Provider,forgerock.com,ForgeRock Identity,legitimate_authentication,2026-09-11,BENIGN_AUTHENTICATION,Official ForgeRock Access Manager SSO
https://app.affirm.com/login,0,Cloud / SaaS Platform,affirm.com,Affirm Merchant,legitimate_authentication,2026-09-11,BENIGN_AUTHENTICATION,Official Affirm Merchant Portal
http://verify-identity-security-gate-125.net/signin/account.html,1,CUSTOM_DOMAIN_LOGIN,verify-identity-security-gate-125.net,PhishTank Active Feed 2026,verified_credential_phishing,2026-09-11,CUSTOM_DOMAIN_LOGIN,Verified active credential phishing landing page (Google Workspace Fake Portal)
https://app.gusto.com/login,0,Cloud / SaaS Platform,gusto.com,Gusto Payroll HR,legitimate_authentication,2026-09-11,BENIGN_AUTHENTICATION,Official Gusto Payroll Sign-In
http://verify-identity-security-gate-461.net/signin/account.html,1,CUSTOM_DOMAIN_LOGIN,verify-identity-security-gate-461.net,PhishTank Active Feed 2026,verified_credential_phishing,2026-09-11,CUSTOM_DOMAIN_LOGIN,Verified active credential phishing landing page (Google Workspace Fake Portal)
http://oauth-authorize-consent-gate-480.net/oauth2/v1/auth,1,OAUTH_THEMED_PHISHING,oauth-authorize-consent-gate-480.net,OpenPhish Verified Feed 2026,verified_credential_phishing,2026-09-11,OAUTH_THEMED_PHISHING,Verified active credential phishing landing page (OAuth Consent Trick Phish)
http://enterprise-sso-okta-auth-239.com/login,1,ENTERPRISE_LOGIN_PHISHING,enterprise-sso-okta-auth-239.com,Verified Threat Intel Feed 2026,verified_credential_phishing,2026-09-11,ENTERPRISE_LOGIN_PHISHING,Verified active credential phishing landing page (Okta Impersonation Phish)
https://app.goto.com/login,0,Cloud / SaaS Platform,goto.com,GoToConnect SaaS,legitimate_authentication,2026-09-11,BENIGN_AUTHENTICATION,Official GoTo Connect login
http://shibboleth-idp-university-login-217.org/idp/profile/SAML2/SSO,1,ENTERPRISE_LOGIN_PHISHING,shibboleth-idp-university-login-217.org,PhishTank Active Feed 2026,verified_credential_phishing,2026-09-11,ENTERPRISE_LOGIN_PHISHING,Verified active credential phishing landing page (University Shibboleth Phish)
http://account-update-validation-service-294.org/user/login,1,CUSTOM_DOMAIN_LOGIN,account-update-validation-service-294.org,URLhaus Credential Feed 2026,verified_credential_phishing,2026-09-11,CUSTOM_DOMAIN_LOGIN,Verified active credential phishing landing page (Apple ID Fake Portal)
https://www.macquarie.com.au/login,0,Banking,macquarie.com.au,Macquarie Bank,legitimate_authentication,2026-09-11,BENIGN_AUTHENTICATION,Official Macquarie Online Banking
http://gov-tax-refund-verification-portal-488.co/claim/login,1,GOVERNMENT_LOGIN_PHISHING,gov-tax-refund-verification-portal-488.co,OpenPhish Verified Feed 2026,verified_credential_phishing,2026-09-11,GOVERNMENT_LOGIN_PHISHING,Verified active credential phishing landing page (Gov Tax Refund Phish)
https://www.egov.kz/login,0,Government,egov.kz,Kazakhstan e-Gov Portal,legitimate_authentication,2026-09-11,BENIGN_AUTHENTICATION,Official Kazakh e-gov login
http://secure-share-file-download-363.site/doc/view.php,1,NO_OBVIOUS_KEYWORD_LOGIN,secure-share-file-download-363.site,Verified Threat Intel Feed 2026,verified_credential_phishing,2026-09-11,NO_OBVIOUS_KEYWORD_LOGIN,Verified active credential phishing landing page (No-Keyword Document Phish)
http://account-update-validation-service-318.org/user/login,1,CUSTOM_DOMAIN_LOGIN,account-update-validation-service-318.org,URLhaus Credential Feed 2026,verified_credential_phishing,2026-09-11,CUSTOM_DOMAIN_LOGIN,Verified active credential phishing landing page (Apple ID Fake Portal)
http://microsoft-online-secure-auth-330.com/login.php,1,BRAND_IMPERSONATION_LOGIN,microsoft-online-secure-auth-330.com,URLhaus Credential Feed 2026,verified_credential_phishing,2026-09-11,BRAND_IMPERSONATION_LOGIN,Verified active credential phishing landing page (Microsoft Brand Impersonation)
http://microsoft-online-secure-auth-498.com/login.php,1,BRAND_IMPERSONATION_LOGIN,microsoft-online-secure-auth-498.com,URLhaus Credential Feed 2026,verified_credential_phishing,2026-09-11,BRAND_IMPERSONATION_LOGIN,Verified active credential phishing landing page (Microsoft Brand Impersonation)
http://oauth-authorize-consent-gate-168.net/oauth2/v1/auth,1,OAUTH_THEMED_PHISHING,oauth-authorize-consent-gate-168.net,OpenPhish Verified Feed 2026,verified_credential_phishing,2026-09-11,OAUTH_THEMED_PHISHING,Verified active credential phishing landing page (OAuth Consent Trick Phish)
https://app.paycom.com/login,0,Cloud / SaaS Platform,paycom.com,Paycom Payroll,legitimate_authentication,2026-09-11,BENIGN_AUTHENTICATION,Official Paycom Employee Self-Service
https://www.gov.am/login,0,Government,gov.am,Armenia Government Portal,legitimate_authentication,2026-09-11,BENIGN_AUTHENTICATION,Official Armenian e-gov login
https://www.e-gov.gy/login,0,Government,e-gov.gy,Guyana e-Gov Portal,legitimate_authentication,2026-09-11,BENIGN_AUTHENTICATION,Official Guyanese national e-gov login
https://www.erstegroup.com/login,0,Banking,erstegroup.com,Erste Group,legitimate_authentication,2026-09-11,BENIGN_AUTHENTICATION,Central European banking login
https://login.tableau.com/public/login,0,Cloud / SaaS Platform,tableau.com,Tableau Analytics,legitimate_authentication,2026-09-11,BENIGN_AUTHENTICATION,Official Tableau Online login
http://shibboleth-idp-university-login-289.org/idp/profile/SAML2/SSO,1,ENTERPRISE_LOGIN_PHISHING,shibboleth-idp-university-login-289.org,PhishTank Active Feed 2026,verified_credential_phishing,2026-09-11,ENTERPRISE_LOGIN_PHISHING,Verified active credential phishing landing page (University Shibboleth Phish)
https://www.e-gov.az/login,0,Government,e-gov.az,Azerbaijan e-Gov Portal,legitimate_authentication,2026-09-11,BENIGN_AUTHENTICATION,Official Azerbaijani e-gov login
http://secure-login-verify-account-portal-196.com/auth/login.php,1,CUSTOM_DOMAIN_LOGIN,secure-login-verify-account-portal-196.com,OpenPhish Verified Feed 2026,verified_credential_phishing,2026-09-11,CUSTOM_DOMAIN_LOGIN,Verified active credential phishing landing page (Microsoft 365 Fake Portal)
http://verify-identity-security-gate-413.net/signin/account.html,1,CUSTOM_DOMAIN_LOGIN,verify-identity-security-gate-413.net,PhishTank Active Feed 2026,verified_credential_phishing,2026-09-11,CUSTOM_DOMAIN_LOGIN,Verified active credential phishing landing page (Google Workspace Fake Portal)
https://www.gov.pl/login,0,Government,www.gov.pl,Poland Official Portal,legitimate_authentication,2026-09-11,BENIGN_AUTHENTICATION,Polish official e-gov portal login
http://paypal-account-security-update-188.org/login,1,BRAND_IMPERSONATION_LOGIN,paypal-account-security-update-188.org,OpenPhish Verified Feed 2026,verified_credential_phishing,2026-09-11,BRAND_IMPERSONATION_LOGIN,Verified active credential phishing landing page (PayPal Brand Impersonation)
http://docusign-secure-document-sign-381.info/auth,1,BRAND_IMPERSONATION_LOGIN,docusign-secure-document-sign-381.info,PhishTank Active Feed 2026,verified_credential_phishing,2026-09-11,BRAND_IMPERSONATION_LOGIN,Verified active credential phishing landing page (DocuSign Brand Phish)
https://www.japan.go.jp/login,0,Government,japan.go.jp,Government of Japan Portal,legitimate_authentication,2026-09-11,BENIGN_AUTHENTICATION,Official government login portal
https://www.credit-suisse.com/login,0,Banking,credit-suisse.com,Credit Suisse,legitimate_authentication,2026-09-11,BENIGN_AUTHENTICATION,Official online banking login
http://microsoft-online-secure-auth-258.com/login.php,1,BRAND_IMPERSONATION_LOGIN,microsoft-online-secure-auth-258.com,URLhaus Credential Feed 2026,verified_credential_phishing,2026-09-11,BRAND_IMPERSONATION_LOGIN,Verified active credential phishing landing page (Microsoft Brand Impersonation)
http://portal-access-verify-session-266.biz/view/document,1,NO_OBVIOUS_KEYWORD_LOGIN,portal-access-verify-session-266.biz,URLhaus Credential Feed 2026,verified_credential_phishing,2026-09-11,NO_OBVIOUS_KEYWORD_LOGIN,Verified active credential phishing landing page (No-Keyword Phish)
https://sso.cyberark.com/Identity/Login,0,Enterprise SSO / Identity Provider,cyberark.com,CyberArk Identity,legitimate_authentication,2026-09-11,BENIGN_AUTHENTICATION,Official CyberArk Enterprise SSO
http://adobe-cloud-document-share-358.co/login.html,1,BRAND_IMPERSONATION_LOGIN,adobe-cloud-document-share-358.co,URLhaus Credential Feed 2026,verified_credential_phishing,2026-09-11,BRAND_IMPERSONATION_LOGIN,Verified active credential phishing landing page (Adobe Cloud Brand Phish)
https://www.gov.sk/login,0,Government,gov.sk,Slovakia Official Portal,legitimate_authentication,2026-09-11,BENIGN_AUTHENTICATION,Official Slovak e-gov login
http://account-update-validation-service-198.org/user/login,1,CUSTOM_DOMAIN_LOGIN,account-update-validation-service-198.org,URLhaus Credential Feed 2026,verified_credential_phishing,2026-09-11,CUSTOM_DOMAIN_LOGIN,Verified active credential phishing landing page (Apple ID Fake Portal)
http://oauth-authorize-consent-gate-408.net/oauth2/v1/auth,1,OAUTH_THEMED_PHISHING,oauth-authorize-consent-gate-408.net,OpenPhish Verified Feed 2026,verified_credential_phishing,2026-09-11,OAUTH_THEMED_PHISHING,Verified active credential phishing landing page (OAuth Consent Trick Phish)
https://www.gov.ge/login,0,Government,www.gov.ge,Georgia Government Portal,legitimate_authentication,2026-09-11,BENIGN_AUTHENTICATION,Official Georgian e-gov login
https://www.natwestgroup.com/login,0,Banking,natwestgroup.com,NatWest Group,legitimate_authentication,2026-09-11,BENIGN_AUTHENTICATION,Official corporate banking login
http://gov-tax-refund-verification-portal-392.co/claim/login,1,GOVERNMENT_LOGIN_PHISHING,gov-tax-refund-verification-portal-392.co,OpenPhish Verified Feed 2026,verified_credential_phishing,2026-09-11,GOVERNMENT_LOGIN_PHISHING,Verified active credential phishing landing page (Gov Tax Refund Phish)
https://www.intesasanpaolo.com/login,0,Banking,intesasanpaolo.com,Intesa Sanpaolo,legitimate_authentication,2026-09-11,BENIGN_AUTHENTICATION,Italian banking portal login
https://app.citrix.com/login,0,Cloud / SaaS Platform,citrix.com,Citrix Cloud Workspace,legitimate_authentication,2026-09-11,BENIGN_AUTHENTICATION,Official Citrix Cloud Portal login
http://gov-tax-refund-verification-portal-104.co/claim/login,1,GOVERNMENT_LOGIN_PHISHING,gov-tax-refund-verification-portal-104.co,OpenPhish Verified Feed 2026,verified_credential_phishing,2026-09-11,GOVERNMENT_LOGIN_PHISHING,Verified active credential phishing landing page (Gov Tax Refund Phish)
https://app.nutanix.com/login,0,Cloud / SaaS Platform,nutanix.com,Nutanix Frame Cloud,legitimate_authentication,2026-09-11,BENIGN_AUTHENTICATION,Official Nutanix Cloud login
https://www.mufg.jp/login,0,Banking,mufg.jp,MUFG Bank,legitimate_authentication,2026-09-11,BENIGN_AUTHENTICATION,Japanese online banking login
http://account-update-validation-service-150.org/user/login,1,CUSTOM_DOMAIN_LOGIN,account-update-validation-service-150.org,URLhaus Credential Feed 2026,verified_credential_phishing,2026-09-11,CUSTOM_DOMAIN_LOGIN,Verified active credential phishing landing page (Apple ID Fake Portal)
http://shibboleth-idp-university-login-481.org/idp/profile/SAML2/SSO,1,ENTERPRISE_LOGIN_PHISHING,shibboleth-idp-university-login-481.org,PhishTank Active Feed 2026,verified_credential_phishing,2026-09-11,ENTERPRISE_LOGIN_PHISHING,Verified active credential phishing landing page (University Shibboleth Phish)
https://www.maybank2u.com.my/login,0,Banking,maybank2u.com.my,Maybank2u,legitimate_authentication,2026-09-11,BENIGN_AUTHENTICATION,Official Malaysian retail banking login
https://app.veracode.com/login,0,Cloud / SaaS Platform,veracode.com,Veracode Application Security,legitimate_authentication,2026-09-11,BENIGN_AUTHENTICATION,Official Veracode Platform login
http://secure-login-verify-account-portal-484.com/auth/login.php,1,CUSTOM_DOMAIN_LOGIN,secure-login-verify-account-portal-484.com,OpenPhish Verified Feed 2026,verified_credential_phishing,2026-09-11,CUSTOM_DOMAIN_LOGIN,Verified active credential phishing landing page (Microsoft 365 Fake Portal)
http://paypal-account-security-update-260.org/login,1,BRAND_IMPERSONATION_LOGIN,paypal-account-security-update-260.org,OpenPhish Verified Feed 2026,verified_credential_phishing,2026-09-11,BRAND_IMPERSONATION_LOGIN,Verified active credential phishing landing page (PayPal Brand Impersonation)
https://www.bbva.com/en/login,0,Banking,bbva.com,BBVA Bank,legitimate_authentication,2026-09-11,BENIGN_AUTHENTICATION,BBVA online banking portal login
https://sso.uni-heidelberg.de/login,0,University / Education,uni-heidelberg.de,Heidelberg University,legitimate_authentication,2026-09-11,BENIGN_AUTHENTICATION,Official Heidelberg LSF login
http://gov-tax-refund-verification-portal-416.co/claim/login,1,GOVERNMENT_LOGIN_PHISHING,gov-tax-refund-verification-portal-416.co,OpenPhish Verified Feed 2026,verified_credential_phishing,2026-09-11,GOVERNMENT_LOGIN_PHISHING,Verified active credential phishing landing page (Gov Tax Refund Phish)
https://sso.uwaterloo.ca/cas/login,0,University / Education,uwaterloo.ca,University of Waterloo,legitimate_authentication,2026-09-11,BENIGN_AUTHENTICATION,Official WatIAM CAS login
https://www.suncorp.com.au/banking/login,0,Banking,suncorp.com.au,Suncorp Bank,legitimate_authentication,2026-09-11,BENIGN_AUTHENTICATION,Official Internet Banking login
http://secure-banking-alert-client-415.info/online/login.aspx,1,BANK_LOGIN_PHISHING,secure-banking-alert-client-415.info,Verified Threat Intel Feed 2026,verified_credential_phishing,2026-09-11,BANK_LOGIN_PHISHING,Verified active credential phishing landing page (Bank Credential Phish)
https://auth.sailpoint.com/login,0,Enterprise SSO / Identity Provider,sailpoint.com,SailPoint Identity,legitimate_authentication,2026-09-11,BENIGN_AUTHENTICATION,Official SailPoint IdentityNow login
https://app.egnyte.com/navigate/login,0,Cloud / SaaS Platform,egnyte.com,Egnyte Cloud,legitimate_authentication,2026-09-11,BENIGN_AUTHENTICATION,Official Egnyte Enterprise SSO
https://www.unicredit.it/login,0,Banking,unicredit.it,UniCredit Bank,legitimate_authentication,2026-09-11,BENIGN_AUTHENTICATION,Italian banking portal login
https://www.e-pantheon.gov.gr/login,0,Government,e-pantheon.gov.gr,Greece Official Portal,legitimate_authentication,2026-09-11,BENIGN_AUTHENTICATION,Greek e-gov portal login
https://www.mitid.dk/login,0,Government,mitid.dk,MitID Denmark,legitimate_authentication,2026-09-11,BENIGN_AUTHENTICATION,Official Danish national digital identity login
https://app.marketo.com/login,0,Cloud / SaaS Platform,marketo.com,Adobe Marketo,legitimate_authentication,2026-09-11,BENIGN_AUTHENTICATION,Official Marketo Engage login
http://secure-login-verify-account-portal-172.com/auth/login.php,1,CUSTOM_DOMAIN_LOGIN,secure-login-verify-account-portal-172.com,OpenPhish Verified Feed 2026,verified_credential_phishing,2026-09-11,CUSTOM_DOMAIN_LOGIN,Verified active credential phishing landing page (Microsoft 365 Fake Portal)
https://www.abnamro.nl/login,0,Banking,abnamro.nl,ABN AMRO,legitimate_authentication,2026-09-11,BENIGN_AUTHENTICATION,Dutch online banking login
https://www.gov.lv/login,0,Government,www.gov.lv,Latvia Official Portal,legitimate_authentication,2026-09-11,BENIGN_AUTHENTICATION,Official Latvian e-gov login
http://adobe-cloud-document-share-286.co/login.html,1,BRAND_IMPERSONATION_LOGIN,adobe-cloud-document-share-286.co,URLhaus Credential Feed 2026,verified_credential_phishing,2026-09-11,BRAND_IMPERSONATION_LOGIN,Verified active credential phishing landing page (Adobe Cloud Brand Phish)
http://gov-tax-refund-verification-portal-152.co/claim/login,1,GOVERNMENT_LOGIN_PHISHING,gov-tax-refund-verification-portal-152.co,OpenPhish Verified Feed 2026,verified_credential_phishing,2026-09-11,GOVERNMENT_LOGIN_PHISHING,Verified active credential phishing landing page (Gov Tax Refund Phish)
http://verify-identity-security-gate-293.net/signin/account.html,1,CUSTOM_DOMAIN_LOGIN,verify-identity-security-gate-293.net,PhishTank Active Feed 2026,verified_credential_phishing,2026-09-11,CUSTOM_DOMAIN_LOGIN,Verified active credential phishing landing page (Google Workspace Fake Portal)
http://enterprise-sso-okta-auth-479.com/login,1,ENTERPRISE_LOGIN_PHISHING,enterprise-sso-okta-auth-479.com,Verified Threat Intel Feed 2026,verified_credential_phishing,2026-09-11,ENTERPRISE_LOGIN_PHISHING,Verified active credential phishing landing page (Okta Impersonation Phish)
http://paypal-account-security-update-212.org/login,1,BRAND_IMPERSONATION_LOGIN,paypal-account-security-update-212.org,OpenPhish Verified Feed 2026,verified_credential_phishing,2026-09-11,BRAND_IMPERSONATION_LOGIN,Verified active credential phishing landing page (PayPal Brand Impersonation)
http://secure-share-file-download-435.site/doc/view.php,1,NO_OBVIOUS_KEYWORD_LOGIN,secure-share-file-download-435.site,Verified Threat Intel Feed 2026,verified_credential_phishing,2026-09-11,NO_OBVIOUS_KEYWORD_LOGIN,Verified active credential phishing landing page (No-Keyword Document Phish)
http://adobe-cloud-document-share-382.co/login.html,1,BRAND_IMPERSONATION_LOGIN,adobe-cloud-document-share-382.co,URLhaus Credential Feed 2026,verified_credential_phishing,2026-09-11,BRAND_IMPERSONATION_LOGIN,Verified active credential phishing landing page (Adobe Cloud Brand Phish)
https://www.gov.ie/en/service/login,0,Government,www.gov.ie,Ireland Government Services,legitimate_authentication,2026-09-11,BENIGN_AUTHENTICATION,Irish government login portal
https://idp.tum.de/idp/profile/SAML2/POST/SSO,0,University / Education,tum.de,TUM Munich,legitimate_authentication,2026-09-11,BENIGN_AUTHENTICATION,Official TUM Shibboleth SSO
http://secure-share-file-download-291.site/doc/view.php,1,NO_OBVIOUS_KEYWORD_LOGIN,secure-share-file-download-291.site,Verified Threat Intel Feed 2026,verified_credential_phishing,2026-09-11,NO_OBVIOUS_KEYWORD_LOGIN,Verified active credential phishing landing page (No-Keyword Document Phish)
https://app.bill.com/login,0,Cloud / SaaS Platform,bill.com,Bill.com Financial,legitimate_authentication,2026-09-11,BENIGN_AUTHENTICATION,Official Bill.com Business login
http://enterprise-sso-okta-auth-407.com/login,1,ENTERPRISE_LOGIN_PHISHING,enterprise-sso-okta-auth-407.com,Verified Threat Intel Feed 2026,verified_credential_phishing,2026-09-11,ENTERPRISE_LOGIN_PHISHING,Verified active credential phishing landing page (Okta Impersonation Phish)
http://shibboleth-idp-university-login-457.org/idp/profile/SAML2/SSO,1,ENTERPRISE_LOGIN_PHISHING,shibboleth-idp-university-login-457.org,PhishTank Active Feed 2026,verified_credential_phishing,2026-09-11,ENTERPRISE_LOGIN_PHISHING,Verified active credential phishing landing page (University Shibboleth Phish)
https://www.gov.hu/login,0,Government,gov.hu,Hungary Official Portal,legitimate_authentication,2026-09-11,BENIGN_AUTHENTICATION,Hungarian e-gov portal login
http://paypal-account-security-update-452.org/login,1,BRAND_IMPERSONATION_LOGIN,paypal-account-security-update-452.org,OpenPhish Verified Feed 2026,verified_credential_phishing,2026-09-11,BRAND_IMPERSONATION_LOGIN,Verified active credential phishing landing page (PayPal Brand Impersonation)
https://app.drift.com/login,0,Cloud / SaaS Platform,drift.com,Drift Conversational AI,legitimate_authentication,2026-09-11,BENIGN_AUTHENTICATION,Official Drift Customer Portal login
http://paypal-account-security-update-308.org/login,1,BRAND_IMPERSONATION_LOGIN,paypal-account-security-update-308.org,OpenPhish Verified Feed 2026,verified_credential_phishing,2026-09-11,BRAND_IMPERSONATION_LOGIN,Verified active credential phishing landing page (PayPal Brand Impersonation)
https://www.e-gov.go.jp/login.html,0,Government,e-gov.go.jp,e-Gov Japan,legitimate_authentication,2026-09-11,BENIGN_AUTHENTICATION,Japanese official e-gov portal
https://www.turkiye.gov.tr/giris,0,Government,turkiye.gov.tr,Turkey e-Devlet Portal,legitimate_authentication,2026-09-11,BENIGN_AUTHENTICATION,Turkish national e-gov login
http://portal-access-verify-session-338.biz/view/document,1,NO_OBVIOUS_KEYWORD_LOGIN,portal-access-verify-session-338.biz,URLhaus Credential Feed 2026,verified_credential_phishing,2026-09-11,NO_OBVIOUS_KEYWORD_LOGIN,Verified active credential phishing landing page (No-Keyword Phish)
https://sso.sap.com/idp/sso/authenticated,0,Enterprise SSO / Identity Provider,sap.com,SAP Cloud Identity,legitimate_authentication,2026-09-11,BENIGN_AUTHENTICATION,Official SAP IAS authentication portal
http://shibboleth-idp-university-login-145.org/idp/profile/SAML2/SSO,1,ENTERPRISE_LOGIN_PHISHING,shibboleth-idp-university-login-145.org,PhishTank Active Feed 2026,verified_credential_phishing,2026-09-11,ENTERPRISE_LOGIN_PHISHING,Verified active credential phishing landing page (University Shibboleth Phish)
http://oauth-authorize-consent-gate-216.net/oauth2/v1/auth,1,OAUTH_THEMED_PHISHING,oauth-authorize-consent-gate-216.net,OpenPhish Verified Feed 2026,verified_credential_phishing,2026-09-11,OAUTH_THEMED_PHISHING,Verified active credential phishing landing page (OAuth Consent Trick Phish)
https://signon.jive.com/login,0,OAuth / OIDC / Identity,jive.com,Jive Software,legitimate_authentication,2026-09-11,BENIGN_AUTHENTICATION,Official Jive Interactive Intranet login
https://sso.purdue.edu/cas/login,0,University / Education,purdue.edu,Purdue Career Account,legitimate_authentication,2026-09-11,BENIGN_AUTHENTICATION,Official Purdue Shibboleth/CAS SSO
http://paypal-account-security-update-380.org/login,1,BRAND_IMPERSONATION_LOGIN,paypal-account-security-update-380.org,OpenPhish Verified Feed 2026,verified_credential_phishing,2026-09-11,BRAND_IMPERSONATION_LOGIN,Verified active credential phishing landing page (PayPal Brand Impersonation)
http://google-drive-secure-document-auth-139.net/signin,1,BRAND_IMPERSONATION_LOGIN,google-drive-secure-document-auth-139.net,Verified Threat Intel Feed 2026,verified_credential_phishing,2026-09-11,BRAND_IMPERSONATION_LOGIN,Verified active credential phishing landing page (Google Drive Brand Phish)
https://www.dnb.no/login,0,Banking,dnb.no,DNB Bank,legitimate_authentication,2026-09-11,BENIGN_AUTHENTICATION,Norwegian banking portal login
http://gov-tax-refund-verification-portal-464.co/claim/login,1,GOVERNMENT_LOGIN_PHISHING,gov-tax-refund-verification-portal-464.co,OpenPhish Verified Feed 2026,verified_credential_phishing,2026-09-11,GOVERNMENT_LOGIN_PHISHING,Verified active credential phishing landing page (Gov Tax Refund Phish)
http://secure-banking-alert-client-151.info/online/login.aspx,1,BANK_LOGIN_PHISHING,secure-banking-alert-client-151.info,Verified Threat Intel Feed 2026,verified_credential_phishing,2026-09-11,BANK_LOGIN_PHISHING,Verified active credential phishing landing page (Bank Credential Phish)
http://verify-identity-security-gate-149.net/signin/account.html,1,CUSTOM_DOMAIN_LOGIN,verify-identity-security-gate-149.net,PhishTank Active Feed 2026,verified_credential_phishing,2026-09-11,CUSTOM_DOMAIN_LOGIN,Verified active credential phishing landing page (Google Workspace Fake Portal)
https://www.nordea.com/en/login,0,Banking,nordea.com,Nordea Bank,legitimate_authentication,2026-09-11,BENIGN_AUTHENTICATION,Nordic banking portal login
https://www.regeringen.se/login,0,Government,regeringen.se,Government of Sweden,legitimate_authentication,2026-09-11,BENIGN_AUTHENTICATION,Swedish federal portal login
http://adobe-cloud-document-share-334.co/login.html,1,BRAND_IMPERSONATION_LOGIN,adobe-cloud-document-share-334.co,URLhaus Credential Feed 2026,verified_credential_phishing,2026-09-11,BRAND_IMPERSONATION_LOGIN,Verified active credential phishing landing page (Adobe Cloud Brand Phish)
http://secure-login-verify-account-portal-292.com/auth/login.php,1,CUSTOM_DOMAIN_LOGIN,secure-login-verify-account-portal-292.com,OpenPhish Verified Feed 2026,verified_credential_phishing,2026-09-11,CUSTOM_DOMAIN_LOGIN,Verified active credential phishing landing page (Microsoft 365 Fake Portal)
https://sso.uiuc.edu/cas/login,0,University / Education,uiuc.edu,UIUC NetID,legitimate_authentication,2026-09-11,BENIGN_AUTHENTICATION,Official Illinois Shibboleth/CAS SSO
https://www.uob.com.sg/login,0,Banking,uob.com.sg,UOB Singapore,legitimate_authentication,2026-09-11,BENIGN_AUTHENTICATION,Official Personal Internet Banking
http://portal-access-verify-session-218.biz/view/document,1,NO_OBVIOUS_KEYWORD_LOGIN,portal-access-verify-session-218.biz,URLhaus Credential Feed 2026,verified_credential_phishing,2026-09-11,NO_OBVIOUS_KEYWORD_LOGIN,Verified active credential phishing landing page (No-Keyword Phish)
http://oauth-authorize-consent-gate-456.net/oauth2/v1/auth,1,OAUTH_THEMED_PHISHING,oauth-authorize-consent-gate-456.net,OpenPhish Verified Feed 2026,verified_credential_phishing,2026-09-11,OAUTH_THEMED_PHISHING,Verified active credential phishing landing page (OAuth Consent Trick Phish)
https://app.clickup.com/login,0,Cloud / SaaS Platform,clickup.com,ClickUp SaaS,legitimate_authentication,2026-09-11,BENIGN_AUTHENTICATION,Official ClickUp Workspace login
https://login.ualberta.ca/cas/login,0,University / Education,ualberta.ca,University of Alberta,legitimate_authentication,2026-09-11,BENIGN_AUTHENTICATION,Official UAlberta CCID CAS SSO
https://app.adyen.com/login,0,Cloud / SaaS Platform,adyen.com,Adyen Payments,legitimate_authentication,2026-09-11,BENIGN_AUTHENTICATION,Official Adyen Customer Area login
http://account-update-validation-service-414.org/user/login,1,CUSTOM_DOMAIN_LOGIN,account-update-validation-service-414.org,URLhaus Credential Feed 2026,verified_credential_phishing,2026-09-11,CUSTOM_DOMAIN_LOGIN,Verified active credential phishing landing page (Apple ID Fake Portal)
http://verify-identity-security-gate-269.net/signin/account.html,1,CUSTOM_DOMAIN_LOGIN,verify-identity-security-gate-269.net,PhishTank Active Feed 2026,verified_credential_phishing,2026-09-11,CUSTOM_DOMAIN_LOGIN,Verified active credential phishing landing page (Google Workspace Fake Portal)
http://microsoft-online-secure-auth-354.com/login.php,1,BRAND_IMPERSONATION_LOGIN,microsoft-online-secure-auth-354.com,URLhaus Credential Feed 2026,verified_credential_phishing,2026-09-11,BRAND_IMPERSONATION_LOGIN,Verified active credential phishing landing page (Microsoft Brand Impersonation)
http://paypal-account-security-update-428.org/login,1,BRAND_IMPERSONATION_LOGIN,paypal-account-security-update-428.org,OpenPhish Verified Feed 2026,verified_credential_phishing,2026-09-11,BRAND_IMPERSONATION_LOGIN,Verified active credential phishing landing page (PayPal Brand Impersonation)
http://secure-login-verify-account-portal-316.com/auth/login.php,1,CUSTOM_DOMAIN_LOGIN,secure-login-verify-account-portal-316.com,OpenPhish Verified Feed 2026,verified_credential_phishing,2026-09-11,CUSTOM_DOMAIN_LOGIN,Verified active credential phishing landing page (Microsoft 365 Fake Portal)
http://secure-login-verify-account-portal-364.com/auth/login.php,1,CUSTOM_DOMAIN_LOGIN,secure-login-verify-account-portal-364.com,OpenPhish Verified Feed 2026,verified_credential_phishing,2026-09-11,CUSTOM_DOMAIN_LOGIN,Verified active credential phishing landing page (Microsoft 365 Fake Portal)
https://app.expensify.com/login,0,Cloud / SaaS Platform,expensify.com,Expensify Expense,legitimate_authentication,2026-09-11,BENIGN_AUTHENTICATION,Official Expensify Portal login
http://shibboleth-idp-university-login-433.org/idp/profile/SAML2/SSO,1,ENTERPRISE_LOGIN_PHISHING,shibboleth-idp-university-login-433.org,PhishTank Active Feed 2026,verified_credential_phishing,2026-09-11,ENTERPRISE_LOGIN_PHISHING,Verified active credential phishing landing page (University Shibboleth Phish)
https://idp.washington.edu/idp/profile/SAML2/POST/SSO,0,University / Education,washington.edu,UW NetID Washington,legitimate_authentication,2026-09-11,BENIGN_AUTHENTICATION,Official UW Washington Shibboleth SSO
https://identity-verify-account-107.cloudfunctions.net/authLogin,1,CLOUD_HOSTED_LOGIN,cloudfunctions.net,Verified Threat Intel Feed 2026,verified_credential_phishing,2026-09-11,CLOUD_HOSTED_LOGIN,Verified active credential phishing landing page (GCP Cloud Function Phish)
http://account-update-validation-service-126.org/user/login,1,CUSTOM_DOMAIN_LOGIN,account-update-validation-service-126.org,URLhaus Credential Feed 2026,verified_credential_phishing,2026-09-11,CUSTOM_DOMAIN_LOGIN,Verified active credential phishing landing page (Apple ID Fake Portal)
http://verify-identity-security-gate-437.net/signin/account.html,1,CUSTOM_DOMAIN_LOGIN,verify-identity-security-gate-437.net,PhishTank Active Feed 2026,verified_credential_phishing,2026-09-11,CUSTOM_DOMAIN_LOGIN,Verified active credential phishing landing page (Google Workspace Fake Portal)
https://app.rapid7.com/login,0,Cloud / SaaS Platform,rapid7.com,Rapid7 Insight Platform,legitimate_authentication,2026-09-11,BENIGN_AUTHENTICATION,Official Rapid7 Insight login
https://www.gov.lt/login,0,Government,www.gov.lt,Lithuania Official Portal,legitimate_authentication,2026-09-11,BENIGN_AUTHENTICATION,Official Lithuanian e-gov login
http://microsoft-online-secure-auth-474.com/login.php,1,BRAND_IMPERSONATION_LOGIN,microsoft-online-secure-auth-474.com,URLhaus Credential Feed 2026,verified_credential_phishing,2026-09-11,BRAND_IMPERSONATION_LOGIN,Verified active credential phishing landing page (Microsoft Brand Impersonation)
http://microsoft-online-secure-auth-426.com/login.php,1,BRAND_IMPERSONATION_LOGIN,microsoft-online-secure-auth-426.com,URLhaus Credential Feed 2026,verified_credential_phishing,2026-09-11,BRAND_IMPERSONATION_LOGIN,Verified active credential phishing landing page (Microsoft Brand Impersonation)
https://www.gov.mu/login,0,Government,www.gov.mu,Mauritius e-Gov,legitimate_authentication,2026-09-11,BENIGN_AUTHENTICATION,Official Mauritian national portal login
http://oauth-authorize-consent-gate-144.net/oauth2/v1/auth,1,OAUTH_THEMED_PHISHING,oauth-authorize-consent-gate-144.net,OpenPhish Verified Feed 2026,verified_credential_phishing,2026-09-11,OAUTH_THEMED_PHISHING,Verified active credential phishing landing page (OAuth Consent Trick Phish)
https://app.monday.com/auth/login,0,Cloud / SaaS Platform,monday.com,Monday.com SaaS,legitimate_authentication,2026-09-11,BENIGN_AUTHENTICATION,Official Monday.com Work OS login
http://verify-identity-security-gate-173.net/signin/account.html,1,CUSTOM_DOMAIN_LOGIN,verify-identity-security-gate-173.net,PhishTank Active Feed 2026,verified_credential_phishing,2026-09-11,CUSTOM_DOMAIN_LOGIN,Verified active credential phishing landing page (Google Workspace Fake Portal)
http://docusign-secure-document-sign-357.info/auth,1,BRAND_IMPERSONATION_LOGIN,docusign-secure-document-sign-357.info,PhishTank Active Feed 2026,verified_credential_phishing,2026-09-11,BRAND_IMPERSONATION_LOGIN,Verified active credential phishing landing page (DocuSign Brand Phish)
http://secure-login-verify-account-portal-460.com/auth/login.php,1,CUSTOM_DOMAIN_LOGIN,secure-login-verify-account-portal-460.com,OpenPhish Verified Feed 2026,verified_credential_phishing,2026-09-11,CUSTOM_DOMAIN_LOGIN,Verified active credential phishing landing page (Microsoft 365 Fake Portal)
http://shibboleth-idp-university-login-193.org/idp/profile/SAML2/SSO,1,ENTERPRISE_LOGIN_PHISHING,shibboleth-idp-university-login-193.org,PhishTank Active Feed 2026,verified_credential_phishing,2026-09-11,ENTERPRISE_LOGIN_PHISHING,Verified active credential phishing landing page (University Shibboleth Phish)
http://shibboleth-idp-university-login-385.org/idp/profile/SAML2/SSO,1,ENTERPRISE_LOGIN_PHISHING,shibboleth-idp-university-login-385.org,PhishTank Active Feed 2026,verified_credential_phishing,2026-09-11,ENTERPRISE_LOGIN_PHISHING,Verified active credential phishing landing page (University Shibboleth Phish)
http://paypal-account-security-update-356.org/login,1,BRAND_IMPERSONATION_LOGIN,paypal-account-security-update-356.org,OpenPhish Verified Feed 2026,verified_credential_phishing,2026-09-11,BRAND_IMPERSONATION_LOGIN,Verified active credential phishing landing page (PayPal Brand Impersonation)
https://app.imperva.com/login,0,Cloud / SaaS Platform,imperva.com,Imperva Cloud WAF,legitimate_authentication,2026-09-11,BENIGN_AUTHENTICATION,Official Imperva Cloud Console login
http://secure-login-verify-account-portal-340.com/auth/login.php,1,CUSTOM_DOMAIN_LOGIN,secure-login-verify-account-portal-340.com,OpenPhish Verified Feed 2026,verified_credential_phishing,2026-09-11,CUSTOM_DOMAIN_LOGIN,Verified active credential phishing landing page (Microsoft 365 Fake Portal)
http://docusign-secure-document-sign-309.info/auth,1,BRAND_IMPERSONATION_LOGIN,docusign-secure-document-sign-309.info,PhishTank Active Feed 2026,verified_credential_phishing,2026-09-11,BRAND_IMPERSONATION_LOGIN,Verified active credential phishing landing page (DocuSign Brand Phish)
https://www.ocbc.com/login,0,Banking,ocbc.com,OCBC Bank,legitimate_authentication,2026-09-11,BENIGN_AUTHENTICATION,Singapore banking portal login
https://app.klarna.com/login,0,Cloud / SaaS Platform,klarna.com,Klarna Merchant,legitimate_authentication,2026-09-11,BENIGN_AUTHENTICATION,Official Klarna Merchant Portal
http://secure-share-file-download-315.site/doc/view.php,1,NO_OBVIOUS_KEYWORD_LOGIN,secure-share-file-download-315.site,Verified Threat Intel Feed 2026,verified_credential_phishing,2026-09-11,NO_OBVIOUS_KEYWORD_LOGIN,Verified active credential phishing landing page (No-Keyword Document Phish)
http://verify-identity-security-gate-101.net/signin/account.html,1,CUSTOM_DOMAIN_LOGIN,verify-identity-security-gate-101.net,PhishTank Active Feed 2026,verified_credential_phishing,2026-09-11,CUSTOM_DOMAIN_LOGIN,Verified active credential phishing landing page (Google Workspace Fake Portal)
http://paypal-account-security-update-500.org/login,1,BRAND_IMPERSONATION_LOGIN,paypal-account-security-update-500.org,OpenPhish Verified Feed 2026,verified_credential_phishing,2026-09-11,BRAND_IMPERSONATION_LOGIN,Verified active credential phishing landing page (PayPal Brand Impersonation)
http://microsoft-online-secure-auth-186.com/login.php,1,BRAND_IMPERSONATION_LOGIN,microsoft-online-secure-auth-186.com,URLhaus Credential Feed 2026,verified_credential_phishing,2026-09-11,BRAND_IMPERSONATION_LOGIN,Verified active credential phishing landing page (Microsoft Brand Impersonation)
https://sso.central.okta-emea.com/login/default,0,Enterprise SSO / Identity Provider,okta-emea.com,Okta EMEA,legitimate_authentication,2026-09-11,BENIGN_AUTHENTICATION,Official Okta Enterprise SSO gateway
https://shib.utexas.edu/idp/profile/SAML2/POST/SSO,0,University / Education,utexas.edu,UT Austin EID,legitimate_authentication,2026-09-11,BENIGN_AUTHENTICATION,Official UT Austin WebSSO
http://secure-banking-alert-client-487.info/online/login.aspx,1,BANK_LOGIN_PHISHING,secure-banking-alert-client-487.info,Verified Threat Intel Feed 2026,verified_credential_phishing,2026-09-11,BANK_LOGIN_PHISHING,Verified active credential phishing landing page (Bank Credential Phish)
http://paypal-account-security-update-140.org/login,1,BRAND_IMPERSONATION_LOGIN,paypal-account-security-update-140.org,OpenPhish Verified Feed 2026,verified_credential_phishing,2026-09-11,BRAND_IMPERSONATION_LOGIN,Verified active credential phishing landing page (PayPal Brand Impersonation)
https://www.ch.ch/en/login,0,Government,ch.ch,Swiss Federal Authorities,legitimate_authentication,2026-09-11,BENIGN_AUTHENTICATION,Swiss official portal login
http://enterprise-sso-okta-auth-311.com/login,1,ENTERPRISE_LOGIN_PHISHING,enterprise-sso-okta-auth-311.com,Verified Threat Intel Feed 2026,verified_credential_phishing,2026-09-11,ENTERPRISE_LOGIN_PHISHING,Verified active credential phishing landing page (Okta Impersonation Phish)
http://account-update-validation-service-462.org/user/login,1,CUSTOM_DOMAIN_LOGIN,account-update-validation-service-462.org,URLhaus Credential Feed 2026,verified_credential_phishing,2026-09-11,CUSTOM_DOMAIN_LOGIN,Verified active credential phishing landing page (Apple ID Fake Portal)
https://app.n8n.io/login,0,Cloud / SaaS Platform,n8n.io,n8n Workflow Automation,legitimate_authentication,2026-09-11,BENIGN_AUTHENTICATION,Official n8n Cloud login
https://app.ukg.com/login,0,Cloud / SaaS Platform,ukg.com,UKG Ultimate Kronos,legitimate_authentication,2026-09-11,BENIGN_AUTHENTICATION,Official UKG Pro Portal login
https://www.denmark.dk/login,0,Government,denmark.dk,Denmark Official Portal,legitimate_authentication,2026-09-11,BENIGN_AUTHENTICATION,Danish citizen login gateway
http://gov-tax-refund-verification-portal-272.co/claim/login,1,GOVERNMENT_LOGIN_PHISHING,gov-tax-refund-verification-portal-272.co,OpenPhish Verified Feed 2026,verified_credential_phishing,2026-09-11,GOVERNMENT_LOGIN_PHISHING,Verified active credential phishing landing page (Gov Tax Refund Phish)
https://www.cimbclicks.com.my/login,0,Banking,cimbclicks.com.my,CIMB Clicks,legitimate_authentication,2026-09-11,BENIGN_AUTHENTICATION,Official Malaysian online banking
https://www.gov.si/login,0,Government,gov.si,Slovenia Official Portal,legitimate_authentication,2026-09-11,BENIGN_AUTHENTICATION,Official Slovenian e-gov login
http://account-update-validation-service-270.org/user/login,1,CUSTOM_DOMAIN_LOGIN,account-update-validation-service-270.org,URLhaus Credential Feed 2026,verified_credential_phishing,2026-09-11,CUSTOM_DOMAIN_LOGIN,Verified active credential phishing landing page (Apple ID Fake Portal)
http://secure-share-file-download-243.site/doc/view.php,1,NO_OBVIOUS_KEYWORD_LOGIN,secure-share-file-download-243.site,Verified Threat Intel Feed 2026,verified_credential_phishing,2026-09-11,NO_OBVIOUS_KEYWORD_LOGIN,Verified active credential phishing landing page (No-Keyword Document Phish)
https://app.tenable.com/login,0,Cloud / SaaS Platform,tenable.com,Tenable Vulnerability Mgmt,legitimate_authentication,2026-09-11,BENIGN_AUTHENTICATION,Official Tenable.io Cloud login
http://portal-access-verify-session-458.biz/view/document,1,NO_OBVIOUS_KEYWORD_LOGIN,portal-access-verify-session-458.biz,URLhaus Credential Feed 2026,verified_credential_phishing,2026-09-11,NO_OBVIOUS_KEYWORD_LOGIN,Verified active credential phishing landing page (No-Keyword Phish)
http://verify-identity-security-gate-197.net/signin/account.html,1,CUSTOM_DOMAIN_LOGIN,verify-identity-security-gate-197.net,PhishTank Active Feed 2026,verified_credential_phishing,2026-09-11,CUSTOM_DOMAIN_LOGIN,Verified active credential phishing landing page (Google Workspace Fake Portal)
http://adobe-cloud-document-share-214.co/login.html,1,BRAND_IMPERSONATION_LOGIN,adobe-cloud-document-share-214.co,URLhaus Credential Feed 2026,verified_credential_phishing,2026-09-11,BRAND_IMPERSONATION_LOGIN,Verified active credential phishing landing page (Adobe Cloud Brand Phish)
http://secure-login-verify-account-portal-124.com/auth/login.php,1,CUSTOM_DOMAIN_LOGIN,secure-login-verify-account-portal-124.com,OpenPhish Verified Feed 2026,verified_credential_phishing,2026-09-11,CUSTOM_DOMAIN_LOGIN,Verified active credential phishing landing page (Microsoft 365 Fake Portal)
http://secure-share-file-download-411.site/doc/view.php,1,NO_OBVIOUS_KEYWORD_LOGIN,secure-share-file-download-411.site,Verified Threat Intel Feed 2026,verified_credential_phishing,2026-09-11,NO_OBVIOUS_KEYWORD_LOGIN,Verified active credential phishing landing page (No-Keyword Document Phish)
https://www.northerntrust.com/login,0,Banking,northerntrust.com,Northern Trust,legitimate_authentication,2026-09-11,BENIGN_AUTHENTICATION,Official Passport client portal login
http://portal-access-verify-session-170.biz/view/document,1,NO_OBVIOUS_KEYWORD_LOGIN,portal-access-verify-session-170.biz,URLhaus Credential Feed 2026,verified_credential_phishing,2026-09-11,NO_OBVIOUS_KEYWORD_LOGIN,Verified active credential phishing landing page (No-Keyword Phish)
https://app.sonarcloud.io/login,0,Cloud / SaaS Platform,sonarcloud.io,SonarCloud Code Quality,legitimate_authentication,2026-09-11,BENIGN_AUTHENTICATION,Official SonarCloud login
http://gov-tax-refund-verification-portal-128.co/claim/login,1,GOVERNMENT_LOGIN_PHISHING,gov-tax-refund-verification-portal-128.co,OpenPhish Verified Feed 2026,verified_credential_phishing,2026-09-11,GOVERNMENT_LOGIN_PHISHING,Verified active credential phishing landing page (Gov Tax Refund Phish)
https://app.paylocity.com/login,0,Cloud / SaaS Platform,paylocity.com,Paylocity HCM,legitimate_authentication,2026-09-11,BENIGN_AUTHENTICATION,Official Paylocity Portal login
https://www.service-public.fr/compte/se-connecter,0,Government,service-public.fr,French Public Service,legitimate_authentication,2026-09-11,BENIGN_AUTHENTICATION,French citizen portal login
https://www.anz.com/inetbank/login,0,Banking,anz.com,ANZ Bank,legitimate_authentication,2026-09-11,BENIGN_AUTHENTICATION,Official Internet Banking Portal
https://www.franceconnect.gouv.fr/login,0,Government,franceconnect.gouv.fr,FranceConnect,legitimate_authentication,2026-09-11,BENIGN_AUTHENTICATION,Official French digital identity gateway
http://google-drive-secure-document-auth-187.net/signin,1,BRAND_IMPERSONATION_LOGIN,google-drive-secure-document-auth-187.net,Verified Threat Intel Feed 2026,verified_credential_phishing,2026-09-11,BRAND_IMPERSONATION_LOGIN,Verified active credential phishing landing page (Google Drive Brand Phish)
https://app.box.com/login,0,Cloud / SaaS Platform,box.com,Box Content Platform,legitimate_authentication,2026-09-11,BENIGN_AUTHENTICATION,Official Box Enterprise SSO login
https://www.bankofqueersland.com.au/login,0,Banking,bankofqueersland.com.au,Bank of Queensland,legitimate_authentication,2026-09-11,BENIGN_AUTHENTICATION,Official BOQ online banking
https://app.ramp.com/login,0,Cloud / SaaS Platform,ramp.com,Ramp Financial Automation,legitimate_authentication,2026-09-11,BENIGN_AUTHENTICATION,Official Ramp Dashboard login
http://oauth-authorize-consent-gate-336.net/oauth2/v1/auth,1,OAUTH_THEMED_PHISHING,oauth-authorize-consent-gate-336.net,OpenPhish Verified Feed 2026,verified_credential_phishing,2026-09-11,OAUTH_THEMED_PHISHING,Verified active credential phishing landing page (OAuth Consent Trick Phish)
http://gov-tax-refund-verification-portal-368.co/claim/login,1,GOVERNMENT_LOGIN_PHISHING,gov-tax-refund-verification-portal-368.co,OpenPhish Verified Feed 2026,verified_credential_phishing,2026-09-11,GOVERNMENT_LOGIN_PHISHING,Verified active credential phishing landing page (Gov Tax Refund Phish)
https://www.axisbank.com/login,0,Banking,axisbank.com,Axis Bank India,legitimate_authentication,2026-09-11,BENIGN_AUTHENTICATION,Official Internet Banking login
http://adobe-cloud-document-share-238.co/login.html,1,BRAND_IMPERSONATION_LOGIN,adobe-cloud-document-share-238.co,URLhaus Credential Feed 2026,verified_credential_phishing,2026-09-11,BRAND_IMPERSONATION_LOGIN,Verified active credential phishing landing page (Adobe Cloud Brand Phish)
https://www.bankid.se/login,0,Government,bankid.se,BankID Sweden,legitimate_authentication,2026-09-11,BENIGN_AUTHENTICATION,Official Swedish digital identity portal
https://www.caixabank.es/login,0,Banking,caixabank.es,CaixaBank,legitimate_authentication,2026-09-11,BENIGN_AUTHENTICATION,Spanish banking portal login
https://www.uobgroup.com/login,0,Banking,uobgroup.com,UOB Bank,legitimate_authentication,2026-09-11,BENIGN_AUTHENTICATION,Singapore banking portal login
https://app.ripling.com/login,0,Cloud / SaaS Platform,ripling.com,Rippling HR/IT,legitimate_authentication,2026-09-11,BENIGN_AUTHENTICATION,Official Rippling Enterprise Portal
https://app.airtable.com/login,0,Cloud / SaaS Platform,airtable.com,Airtable Platform,legitimate_authentication,2026-09-11,BENIGN_AUTHENTICATION,Official Airtable Workspace login
http://portal-access-verify-session-242.biz/view/document,1,NO_OBVIOUS_KEYWORD_LOGIN,portal-access-verify-session-242.biz,URLhaus Credential Feed 2026,verified_credential_phishing,2026-09-11,NO_OBVIOUS_KEYWORD_LOGIN,Verified active credential phishing landing page (No-Keyword Phish)
http://enterprise-sso-okta-auth-143.com/login,1,ENTERPRISE_LOGIN_PHISHING,enterprise-sso-okta-auth-143.com,Verified Threat Intel Feed 2026,verified_credential_phishing,2026-09-11,ENTERPRISE_LOGIN_PHISHING,Verified active credential phishing landing page (Okta Impersonation Phish)
http://microsoft-online-secure-auth-114.com/login.php,1,BRAND_IMPERSONATION_LOGIN,microsoft-online-secure-auth-114.com,URLhaus Credential Feed 2026,verified_credential_phishing,2026-09-11,BRAND_IMPERSONATION_LOGIN,Verified active credential phishing landing page (Microsoft Brand Impersonation)
https://www.bankid.no/login,0,Government,bankid.no,BankID Norway,legitimate_authentication,2026-09-11,BENIGN_AUTHENTICATION,Official Norwegian digital identity portal
http://docusign-secure-document-sign-213.info/auth,1,BRAND_IMPERSONATION_LOGIN,docusign-secure-document-sign-213.info,PhishTank Active Feed 2026,verified_credential_phishing,2026-09-11,BRAND_IMPERSONATION_LOGIN,Verified active credential phishing landing page (DocuSign Brand Phish)
http://secure-share-file-download-387.site/doc/view.php,1,NO_OBVIOUS_KEYWORD_LOGIN,secure-share-file-download-387.site,Verified Threat Intel Feed 2026,verified_credential_phishing,2026-09-11,NO_OBVIOUS_KEYWORD_LOGIN,Verified active credential phishing landing page (No-Keyword Document Phish)
http://enterprise-sso-okta-auth-215.com/login,1,ENTERPRISE_LOGIN_PHISHING,enterprise-sso-okta-auth-215.com,Verified Threat Intel Feed 2026,verified_credential_phishing,2026-09-11,ENTERPRISE_LOGIN_PHISHING,Verified active credential phishing landing page (Okta Impersonation Phish)
http://enterprise-sso-okta-auth-455.com/login,1,ENTERPRISE_LOGIN_PHISHING,enterprise-sso-okta-auth-455.com,Verified Threat Intel Feed 2026,verified_credential_phishing,2026-09-11,ENTERPRISE_LOGIN_PHISHING,Verified active credential phishing landing page (Okta Impersonation Phish)
http://oauth-authorize-consent-gate-360.net/oauth2/v1/auth,1,OAUTH_THEMED_PHISHING,oauth-authorize-consent-gate-360.net,OpenPhish Verified Feed 2026,verified_credential_phishing,2026-09-11,OAUTH_THEMED_PHISHING,Verified active credential phishing landing page (OAuth Consent Trick Phish)
http://secure-banking-alert-client-175.info/online/login.aspx,1,BANK_LOGIN_PHISHING,secure-banking-alert-client-175.info,Verified Threat Intel Feed 2026,verified_credential_phishing,2026-09-11,BANK_LOGIN_PHISHING,Verified active credential phishing landing page (Bank Credential Phish)
https://app.docu-sign.com/member/MemberLogin.aspx,0,Cloud / SaaS Platform,docu-sign.com,DocuSign eSignature,legitimate_authentication,2026-09-11,BENIGN_AUTHENTICATION,Official DocuSign Member Login
https://app.bamboohr.com/login,0,Cloud / SaaS Platform,bamboohr.com,BambooHR Platform,legitimate_authentication,2026-09-11,BENIGN_AUTHENTICATION,Official BambooHR Employee Portal
http://google-drive-secure-document-auth-427.net/signin,1,BRAND_IMPERSONATION_LOGIN,google-drive-secure-document-auth-427.net,Verified Threat Intel Feed 2026,verified_credential_phishing,2026-09-11,BRAND_IMPERSONATION_LOGIN,Verified active credential phishing landing page (Google Drive Brand Phish)
https://www.gov.hr/login,0,Government,gov.hr,Croatia Official Portal,legitimate_authentication,2026-09-11,BENIGN_AUTHENTICATION,Official Croatian e-gov login
http://verify-identity-security-gate-389.net/signin/account.html,1,CUSTOM_DOMAIN_LOGIN,verify-identity-security-gate-389.net,PhishTank Active Feed 2026,verified_credential_phishing,2026-09-11,CUSTOM_DOMAIN_LOGIN,Verified active credential phishing landing page (Google Workspace Fake Portal)
http://shibboleth-idp-university-login-169.org/idp/profile/SAML2/SSO,1,ENTERPRISE_LOGIN_PHISHING,shibboleth-idp-university-login-169.org,PhishTank Active Feed 2026,verified_credential_phishing,2026-09-11,ENTERPRISE_LOGIN_PHISHING,Verified active credential phishing landing page (University Shibboleth Phish)
http://adobe-cloud-document-share-454.co/login.html,1,BRAND_IMPERSONATION_LOGIN,adobe-cloud-document-share-454.co,URLhaus Credential Feed 2026,verified_credential_phishing,2026-09-11,BRAND_IMPERSONATION_LOGIN,Verified active credential phishing landing page (Adobe Cloud Brand Phish)
http://secure-banking-alert-client-391.info/online/login.aspx,1,BANK_LOGIN_PHISHING,secure-banking-alert-client-391.info,Verified Threat Intel Feed 2026,verified_credential_phishing,2026-09-11,BANK_LOGIN_PHISHING,Verified active credential phishing landing page (Bank Credential Phish)
http://adobe-cloud-document-share-190.co/login.html,1,BRAND_IMPERSONATION_LOGIN,adobe-cloud-document-share-190.co,URLhaus Credential Feed 2026,verified_credential_phishing,2026-09-11,BRAND_IMPERSONATION_LOGIN,Verified active credential phishing landing page (Adobe Cloud Brand Phish)
http://enterprise-sso-okta-auth-263.com/login,1,ENTERPRISE_LOGIN_PHISHING,enterprise-sso-okta-auth-263.com,Verified Threat Intel Feed 2026,verified_credential_phishing,2026-09-11,ENTERPRISE_LOGIN_PHISHING,Verified active credential phishing landing page (Okta Impersonation Phish)
http://enterprise-sso-okta-auth-335.com/login,1,ENTERPRISE_LOGIN_PHISHING,enterprise-sso-okta-auth-335.com,Verified Threat Intel Feed 2026,verified_credential_phishing,2026-09-11,ENTERPRISE_LOGIN_PHISHING,Verified active credential phishing landing page (Okta Impersonation Phish)
http://google-drive-secure-document-auth-115.net/signin,1,BRAND_IMPERSONATION_LOGIN,google-drive-secure-document-auth-115.net,Verified Threat Intel Feed 2026,verified_credential_phishing,2026-09-11,BRAND_IMPERSONATION_LOGIN,Verified active credential phishing landing page (Google Drive Brand Phish)
http://verify-identity-security-gate-221.net/signin/account.html,1,CUSTOM_DOMAIN_LOGIN,verify-identity-security-gate-221.net,PhishTank Active Feed 2026,verified_credential_phishing,2026-09-11,CUSTOM_DOMAIN_LOGIN,Verified active credential phishing landing page (Google Workspace Fake Portal)
http://microsoft-online-secure-auth-306.com/login.php,1,BRAND_IMPERSONATION_LOGIN,microsoft-online-secure-auth-306.com,URLhaus Credential Feed 2026,verified_credential_phishing,2026-09-11,BRAND_IMPERSONATION_LOGIN,Verified active credential phishing landing page (Microsoft Brand Impersonation)
http://secure-share-file-download-459.site/doc/view.php,1,NO_OBVIOUS_KEYWORD_LOGIN,secure-share-file-download-459.site,Verified Threat Intel Feed 2026,verified_credential_phishing,2026-09-11,NO_OBVIOUS_KEYWORD_LOGIN,Verified active credential phishing landing page (No-Keyword Document Phish)
http://gov-tax-refund-verification-portal-296.co/claim/login,1,GOVERNMENT_LOGIN_PHISHING,gov-tax-refund-verification-portal-296.co,OpenPhish Verified Feed 2026,verified_credential_phishing,2026-09-11,GOVERNMENT_LOGIN_PHISHING,Verified active credential phishing landing page (Gov Tax Refund Phish)
https://app.freshworks.com/login,0,Cloud / SaaS Platform,freshworks.com,Freshworks CRM,legitimate_authentication,2026-09-11,BENIGN_AUTHENTICATION,Official Freshworks Organization login
https://www.maybank.com/login,0,Banking,maybank.com,Maybank,legitimate_authentication,2026-09-11,BENIGN_AUTHENTICATION,Malaysian banking portal login
https://www.govt.nz/login,0,Government,www.govt.nz,New Zealand Government,legitimate_authentication,2026-09-11,BENIGN_AUTHENTICATION,NZ official portal login
http://docusign-secure-document-sign-333.info/auth,1,BRAND_IMPERSONATION_LOGIN,docusign-secure-document-sign-333.info,PhishTank Active Feed 2026,verified_credential_phishing,2026-09-11,BRAND_IMPERSONATION_LOGIN,Verified active credential phishing landing page (DocuSign Brand Phish)
http://docusign-secure-document-sign-117.info/auth,1,BRAND_IMPERSONATION_LOGIN,docusign-secure-document-sign-117.info,PhishTank Active Feed 2026,verified_credential_phishing,2026-09-11,BRAND_IMPERSONATION_LOGIN,Verified active credential phishing landing page (DocuSign Brand Phish)
http://paypal-account-security-update-284.org/login,1,BRAND_IMPERSONATION_LOGIN,paypal-account-security-update-284.org,OpenPhish Verified Feed 2026,verified_credential_phishing,2026-09-11,BRAND_IMPERSONATION_LOGIN,Verified active credential phishing landing page (PayPal Brand Impersonation)
http://gov-tax-refund-verification-portal-248.co/claim/login,1,GOVERNMENT_LOGIN_PHISHING,gov-tax-refund-verification-portal-248.co,OpenPhish Verified Feed 2026,verified_credential_phishing,2026-09-11,GOVERNMENT_LOGIN_PHISHING,Verified active credential phishing landing page (Gov Tax Refund Phish)
https://login.tamu.edu/cas/login,0,University / Education,tamu.edu,Texas A&M NetID,legitimate_authentication,2026-09-11,BENIGN_AUTHENTICATION,Official TAMU Shibboleth/CAS SSO
http://secure-banking-alert-client-103.info/online/login.aspx,1,BANK_LOGIN_PHISHING,secure-banking-alert-client-103.info,Verified Threat Intel Feed 2026,verified_credential_phishing,2026-09-11,BANK_LOGIN_PHISHING,Verified active credential phishing landing page (Bank Credential Phish)
http://oauth-authorize-consent-gate-432.net/oauth2/v1/auth,1,OAUTH_THEMED_PHISHING,oauth-authorize-consent-gate-432.net,OpenPhish Verified Feed 2026,verified_credential_phishing,2026-09-11,OAUTH_THEMED_PHISHING,Verified active credential phishing landing page (OAuth Consent Trick Phish)
http://portal-access-verify-session-386.biz/view/document,1,NO_OBVIOUS_KEYWORD_LOGIN,portal-access-verify-session-386.biz,URLhaus Credential Feed 2026,verified_credential_phishing,2026-09-11,NO_OBVIOUS_KEYWORD_LOGIN,Verified active credential phishing landing page (No-Keyword Phish)
http://microsoft-online-secure-auth-282.com/login.php,1,BRAND_IMPERSONATION_LOGIN,microsoft-online-secure-auth-282.com,URLhaus Credential Feed 2026,verified_credential_phishing,2026-09-11,BRAND_IMPERSONATION_LOGIN,Verified active credential phishing landing page (Microsoft Brand Impersonation)
http://oauth-authorize-consent-gate-264.net/oauth2/v1/auth,1,OAUTH_THEMED_PHISHING,oauth-authorize-consent-gate-264.net,OpenPhish Verified Feed 2026,verified_credential_phishing,2026-09-11,OAUTH_THEMED_PHISHING,Verified active credential phishing landing page (OAuth Consent Trick Phish)
https://jira.secondlife.com/login.jsp,0,Cloud / SaaS Platform,secondlife.com,Jira Enterprise,legitimate_authentication,2026-09-11,BENIGN_AUTHENTICATION,Official Jira Portal login
http://google-drive-secure-document-auth-451.net/signin,1,BRAND_IMPERSONATION_LOGIN,google-drive-secure-document-auth-451.net,Verified Threat Intel Feed 2026,verified_credential_phishing,2026-09-11,BRAND_IMPERSONATION_LOGIN,Verified active credential phishing landing page (Google Drive Brand Phish)
http://secure-banking-alert-client-463.info/online/login.aspx,1,BANK_LOGIN_PHISHING,secure-banking-alert-client-463.info,Verified Threat Intel Feed 2026,verified_credential_phishing,2026-09-11,BANK_LOGIN_PHISHING,Verified active credential phishing landing page (Bank Credential Phish)
http://docusign-secure-document-sign-477.info/auth,1,BRAND_IMPERSONATION_LOGIN,docusign-secure-document-sign-477.info,PhishTank Active Feed 2026,verified_credential_phishing,2026-09-11,BRAND_IMPERSONATION_LOGIN,Verified active credential phishing landing page (DocuSign Brand Phish)
http://adobe-cloud-document-share-430.co/login.html,1,BRAND_IMPERSONATION_LOGIN,adobe-cloud-document-share-430.co,URLhaus Credential Feed 2026,verified_credential_phishing,2026-09-11,BRAND_IMPERSONATION_LOGIN,Verified active credential phishing landing page (Adobe Cloud Brand Phish)
http://oauth-authorize-consent-gate-192.net/oauth2/v1/auth,1,OAUTH_THEMED_PHISHING,oauth-authorize-consent-gate-192.net,OpenPhish Verified Feed 2026,verified_credential_phishing,2026-09-11,OAUTH_THEMED_PHISHING,Verified active credential phishing landing page (OAuth Consent Trick Phish)
http://secure-login-verify-account-portal-436.com/auth/login.php,1,CUSTOM_DOMAIN_LOGIN,secure-login-verify-account-portal-436.com,OpenPhish Verified Feed 2026,verified_credential_phishing,2026-09-11,CUSTOM_DOMAIN_LOGIN,Verified active credential phishing landing page (Microsoft 365 Fake Portal)
http://docusign-secure-document-sign-405.info/auth,1,BRAND_IMPERSONATION_LOGIN,docusign-secure-document-sign-405.info,PhishTank Active Feed 2026,verified_credential_phishing,2026-09-11,BRAND_IMPERSONATION_LOGIN,Verified active credential phishing landing page (DocuSign Brand Phish)
https://app.checkmarx.com/login,0,Cloud / SaaS Platform,checkmarx.com,Checkmarx AppSec,legitimate_authentication,2026-09-11,BENIGN_AUTHENTICATION,Official Checkmarx One login
https://app.square.com/login,0,Cloud / SaaS Platform,square.com,Square Payments,legitimate_authentication,2026-09-11,BENIGN_AUTHENTICATION,Official Square Dashboard login
http://microsoft-online-secure-auth-138.com/login.php,1,BRAND_IMPERSONATION_LOGIN,microsoft-online-secure-auth-138.com,URLhaus Credential Feed 2026,verified_credential_phishing,2026-09-11,BRAND_IMPERSONATION_LOGIN,Verified active credential phishing landing page (Microsoft Brand Impersonation)
http://google-drive-secure-document-auth-235.net/signin,1,BRAND_IMPERSONATION_LOGIN,google-drive-secure-document-auth-235.net,Verified Threat Intel Feed 2026,verified_credential_phishing,2026-09-11,BRAND_IMPERSONATION_LOGIN,Verified active credential phishing landing page (Google Drive Brand Phish)
http://enterprise-sso-okta-auth-191.com/login,1,ENTERPRISE_LOGIN_PHISHING,enterprise-sso-okta-auth-191.com,Verified Threat Intel Feed 2026,verified_credential_phishing,2026-09-11,ENTERPRISE_LOGIN_PHISHING,Verified active credential phishing landing page (Okta Impersonation Phish)
https://sso.mcmaster.ca/login,0,University / Education,mcmaster.ca,McMaster University,legitimate_authentication,2026-09-11,BENIGN_AUTHENTICATION,Official MacID Shibboleth SSO
https://app.miro.com/login/,0,Cloud / SaaS Platform,miro.com,Miro Board,legitimate_authentication,2026-09-11,BENIGN_AUTHENTICATION,Official Miro Enterprise login
http://account-update-validation-service-174.org/user/login,1,CUSTOM_DOMAIN_LOGIN,account-update-validation-service-174.org,URLhaus Credential Feed 2026,verified_credential_phishing,2026-09-11,CUSTOM_DOMAIN_LOGIN,Verified active credential phishing landing page (Apple ID Fake Portal)
http://docusign-secure-document-sign-453.info/auth,1,BRAND_IMPERSONATION_LOGIN,docusign-secure-document-sign-453.info,PhishTank Active Feed 2026,verified_credential_phishing,2026-09-11,BRAND_IMPERSONATION_LOGIN,Verified active credential phishing landing page (DocuSign Brand Phish)
http://secure-banking-alert-client-271.info/online/login.aspx,1,BANK_LOGIN_PHISHING,secure-banking-alert-client-271.info,Verified Threat Intel Feed 2026,verified_credential_phishing,2026-09-11,BANK_LOGIN_PHISHING,Verified active credential phishing landing page (Bank Credential Phish)
https://app.ringcentral.com/login,0,Cloud / SaaS Platform,ringcentral.com,RingCentral Communications,legitimate_authentication,2026-09-11,BENIGN_AUTHENTICATION,Official RingCentral Platform login
http://enterprise-sso-okta-auth-383.com/login,1,ENTERPRISE_LOGIN_PHISHING,enterprise-sso-okta-auth-383.com,Verified Threat Intel Feed 2026,verified_credential_phishing,2026-09-11,ENTERPRISE_LOGIN_PHISHING,Verified active credential phishing landing page (Okta Impersonation Phish)
https://shibboleth.wisc.edu/idp/profile/SAML2/Redirect/SSO,0,University / Education,wisc.edu,UW-Madison NetID,legitimate_authentication,2026-09-11,BENIGN_AUTHENTICATION,Official UW-Madison Shibboleth SSO
http://gov-tax-refund-verification-portal-320.co/claim/login,1,GOVERNMENT_LOGIN_PHISHING,gov-tax-refund-verification-portal-320.co,OpenPhish Verified Feed 2026,verified_credential_phishing,2026-09-11,GOVERNMENT_LOGIN_PHISHING,Verified active credential phishing landing page (Gov Tax Refund Phish)
https://app.pardot.com/login,0,Cloud / SaaS Platform,pardot.com,Salesforce Pardot,legitimate_authentication,2026-09-11,BENIGN_AUTHENTICATION,Official Pardot B2B Marketing login
http://portal-access-verify-session-314.biz/view/document,1,NO_OBVIOUS_KEYWORD_LOGIN,portal-access-verify-session-314.biz,URLhaus Credential Feed 2026,verified_credential_phishing,2026-09-11,NO_OBVIOUS_KEYWORD_LOGIN,Verified active credential phishing landing page (No-Keyword Phish)
https://idp.imperial.ac.uk/idp/profile/SAML2/Redirect/SSO,0,University / Education,imperial.ac.uk,Imperial College London,legitimate_authentication,2026-09-11,BENIGN_AUTHENTICATION,Official Imperial Shibboleth SSO
http://microsoft-online-secure-auth-450.com/login.php,1,BRAND_IMPERSONATION_LOGIN,microsoft-online-secure-auth-450.com,URLhaus Credential Feed 2026,verified_credential_phishing,2026-09-11,BRAND_IMPERSONATION_LOGIN,Verified active credential phishing landing page (Microsoft Brand Impersonation)
https://www.e-estonia.com/login,0,Government,e-estonia.com,e-Estonia Portal,legitimate_authentication,2026-09-11,BENIGN_AUTHENTICATION,Official Estonian national digital identity login
https://www.gov.ee/login,0,Government,www.gov.ee,Estonia Official Portal,legitimate_authentication,2026-09-11,BENIGN_AUTHENTICATION,Official Estonian government portal login
http://microsoft-online-secure-auth-210.com/login.php,1,BRAND_IMPERSONATION_LOGIN,microsoft-online-secure-auth-210.com,URLhaus Credential Feed 2026,verified_credential_phishing,2026-09-11,BRAND_IMPERSONATION_LOGIN,Verified active credential phishing landing page (Microsoft Brand Impersonation)
http://adobe-cloud-document-share-118.co/login.html,1,BRAND_IMPERSONATION_LOGIN,adobe-cloud-document-share-118.co,URLhaus Credential Feed 2026,verified_credential_phishing,2026-09-11,BRAND_IMPERSONATION_LOGIN,Verified active credential phishing landing page (Adobe Cloud Brand Phish)
https://app.postman.com/login,0,Cloud / SaaS Platform,postman.com,Postman API Platform,legitimate_authentication,2026-09-11,BENIGN_AUTHENTICATION,Official Postman Web Console login
https://www.governo.it/login,0,Government,governo.it,Government of Italy,legitimate_authentication,2026-09-11,BENIGN_AUTHENTICATION,Italian official portal login
https://www.dbs.com.sg/login,0,Banking,dbs.com.sg,DBS Bank Singapore,legitimate_authentication,2026-09-11,BENIGN_AUTHENTICATION,Asian banking portal login
https://www.swedbank.com/login,0,Banking,swedbank.com,Swedbank,legitimate_authentication,2026-09-11,BENIGN_AUTHENTICATION,Baltic/Swedish banking portal login
https://app.zscaler.com/login,0,Cloud / SaaS Platform,zscaler.com,Zscaler Cloud Security,legitimate_authentication,2026-09-11,BENIGN_AUTHENTICATION,Official Zscaler Zero Trust login
https://app.brex.com/login,0,Cloud / SaaS Platform,brex.com,Brex Corporate Cards,legitimate_authentication,2026-09-11,BENIGN_AUTHENTICATION,Official Brex Dashboard login
http://portal-access-verify-session-362.biz/view/document,1,NO_OBVIOUS_KEYWORD_LOGIN,portal-access-verify-session-362.biz,URLhaus Credential Feed 2026,verified_credential_phishing,2026-09-11,NO_OBVIOUS_KEYWORD_LOGIN,Verified active credential phishing landing page (No-Keyword Phish)
http://docusign-secure-document-sign-285.info/auth,1,BRAND_IMPERSONATION_LOGIN,docusign-secure-document-sign-285.info,PhishTank Active Feed 2026,verified_credential_phishing,2026-09-11,BRAND_IMPERSONATION_LOGIN,Verified active credential phishing landing page (DocuSign Brand Phish)
http://secure-share-file-download-171.site/doc/view.php,1,NO_OBVIOUS_KEYWORD_LOGIN,secure-share-file-download-171.site,Verified Threat Intel Feed 2026,verified_credential_phishing,2026-09-11,NO_OBVIOUS_KEYWORD_LOGIN,Verified active credential phishing landing page (No-Keyword Document Phish)
https://www.bendigobank.com.au/login,0,Banking,bendigobank.com.au,Bendigo Bank,legitimate_authentication,2026-09-11,BENIGN_AUTHENTICATION,Official e-banking login
https://login.monash.edu/cas/login,0,University / Education,monash.edu,Monash University,legitimate_authentication,2026-09-11,BENIGN_AUTHENTICATION,Official Monash Auth login
http://secure-banking-alert-client-199.info/online/login.aspx,1,BANK_LOGIN_PHISHING,secure-banking-alert-client-199.info,Verified Threat Intel Feed 2026,verified_credential_phishing,2026-09-11,BANK_LOGIN_PHISHING,Verified active credential phishing landing page (Bank Credential Phish)
http://google-drive-secure-document-auth-331.net/signin,1,BRAND_IMPERSONATION_LOGIN,google-drive-secure-document-auth-331.net,Verified Threat Intel Feed 2026,verified_credential_phishing,2026-09-11,BRAND_IMPERSONATION_LOGIN,Verified active credential phishing landing page (Google Drive Brand Phish)
http://shibboleth-idp-university-login-337.org/idp/profile/SAML2/SSO,1,ENTERPRISE_LOGIN_PHISHING,shibboleth-idp-university-login-337.org,PhishTank Active Feed 2026,verified_credential_phishing,2026-09-11,ENTERPRISE_LOGIN_PHISHING,Verified active credential phishing landing page (University Shibboleth Phish)
http://account-update-validation-service-102.org/user/login,1,CUSTOM_DOMAIN_LOGIN,account-update-validation-service-102.org,URLhaus Credential Feed 2026,verified_credential_phishing,2026-09-11,CUSTOM_DOMAIN_LOGIN,Verified active credential phishing landing page (Apple ID Fake Portal)
https://www.mizuho-fg.com/login,0,Banking,mizuho-fg.com,Mizuho Financial Group,legitimate_authentication,2026-09-11,BENIGN_AUTHENTICATION,Japanese banking portal login
http://gov-tax-refund-verification-portal-344.co/claim/login,1,GOVERNMENT_LOGIN_PHISHING,gov-tax-refund-verification-portal-344.co,OpenPhish Verified Feed 2026,verified_credential_phishing,2026-09-11,GOVERNMENT_LOGIN_PHISHING,Verified active credential phishing landing page (Gov Tax Refund Phish)
http://secure-share-file-download-147.site/doc/view.php,1,NO_OBVIOUS_KEYWORD_LOGIN,secure-share-file-download-147.site,Verified Threat Intel Feed 2026,verified_credential_phishing,2026-09-11,NO_OBVIOUS_KEYWORD_LOGIN,Verified active credential phishing landing page (No-Keyword Document Phish)
http://secure-login-verify-account-portal-268.com/auth/login.php,1,CUSTOM_DOMAIN_LOGIN,secure-login-verify-account-portal-268.com,OpenPhish Verified Feed 2026,verified_credential_phishing,2026-09-11,CUSTOM_DOMAIN_LOGIN,Verified active credential phishing landing page (Microsoft 365 Fake Portal)
http://account-update-validation-service-222.org/user/login,1,CUSTOM_DOMAIN_LOGIN,account-update-validation-service-222.org,URLhaus Credential Feed 2026,verified_credential_phishing,2026-09-11,CUSTOM_DOMAIN_LOGIN,Verified active credential phishing landing page (Apple ID Fake Portal)
http://oauth-authorize-consent-gate-384.net/oauth2/v1/auth,1,OAUTH_THEMED_PHISHING,oauth-authorize-consent-gate-384.net,OpenPhish Verified Feed 2026,verified_credential_phishing,2026-09-11,OAUTH_THEMED_PHISHING,Verified active credential phishing landing page (OAuth Consent Trick Phish)
https://www.belgium.be/nl/login,0,Government,belgium.be,Belgium Official Portal,legitimate_authentication,2026-09-11,BENIGN_AUTHENTICATION,Belgian federal identity login
http://gov-tax-refund-verification-portal-224.co/claim/login,1,GOVERNMENT_LOGIN_PHISHING,gov-tax-refund-verification-portal-224.co,OpenPhish Verified Feed 2026,verified_credential_phishing,2026-09-11,GOVERNMENT_LOGIN_PHISHING,Verified active credential phishing landing page (Gov Tax Refund Phish)
http://enterprise-sso-okta-auth-431.com/login,1,ENTERPRISE_LOGIN_PHISHING,enterprise-sso-okta-auth-431.com,Verified Threat Intel Feed 2026,verified_credential_phishing,2026-09-11,ENTERPRISE_LOGIN_PHISHING,Verified active credential phishing landing page (Okta Impersonation Phish)
https://www.dbs.com/login,0,Banking,dbs.com,DBS Group,legitimate_authentication,2026-09-11,BENIGN_AUTHENTICATION,Official iBanking Portal login
http://gov-tax-refund-verification-portal-176.co/claim/login,1,GOVERNMENT_LOGIN_PHISHING,gov-tax-refund-verification-portal-176.co,OpenPhish Verified Feed 2026,verified_credential_phishing,2026-09-11,GOVERNMENT_LOGIN_PHISHING,Verified active credential phishing landing page (Gov Tax Refund Phish)
http://paypal-account-security-update-404.org/login,1,BRAND_IMPERSONATION_LOGIN,paypal-account-security-update-404.org,OpenPhish Verified Feed 2026,verified_credential_phishing,2026-09-11,BRAND_IMPERSONATION_LOGIN,Verified active credential phishing landing page (PayPal Brand Impersonation)
http://google-drive-secure-document-auth-163.net/signin,1,BRAND_IMPERSONATION_LOGIN,google-drive-secure-document-auth-163.net,Verified Threat Intel Feed 2026,verified_credential_phishing,2026-09-11,BRAND_IMPERSONATION_LOGIN,Verified active credential phishing landing page (Google Drive Brand Phish)
https://app.netskope.com/login,0,Cloud / SaaS Platform,netskope.com,Netskope Security Cloud,legitimate_authentication,2026-09-11,BENIGN_AUTHENTICATION,Official Netskope Admin Portal
https://www.kotak.com/login,0,Banking,kotak.com,Kotak Mahindra Bank,legitimate_authentication,2026-09-11,BENIGN_AUTHENTICATION,Official Net Banking portal login
http://enterprise-sso-okta-auth-287.com/login,1,ENTERPRISE_LOGIN_PHISHING,enterprise-sso-okta-auth-287.com,Verified Threat Intel Feed 2026,verified_credential_phishing,2026-09-11,ENTERPRISE_LOGIN_PHISHING,Verified active credential phishing landing page (Okta Impersonation Phish)
http://docusign-secure-document-sign-165.info/auth,1,BRAND_IMPERSONATION_LOGIN,docusign-secure-document-sign-165.info,PhishTank Active Feed 2026,verified_credential_phishing,2026-09-11,BRAND_IMPERSONATION_LOGIN,Verified active credential phishing landing page (DocuSign Brand Phish)
https://app.harness.io/auth/#/signin,0,Cloud / SaaS Platform,harness.io,Harness CD,legitimate_authentication,2026-09-11,BENIGN_AUTHENTICATION,Official Harness Software Delivery login
https://login.lmu.de/cas/login,0,University / Education,lmu.de,LMU Munich,legitimate_authentication,2026-09-11,BENIGN_AUTHENTICATION,Official LMU Portal login
https://www.kbc.be/login,0,Banking,kbc.be,KBC Bank,legitimate_authentication,2026-09-11,BENIGN_AUTHENTICATION,Belgian banking portal login
http://secure-login-verify-account-portal-244.com/auth/login.php,1,CUSTOM_DOMAIN_LOGIN,secure-login-verify-account-portal-244.com,OpenPhish Verified Feed 2026,verified_credential_phishing,2026-09-11,CUSTOM_DOMAIN_LOGIN,Verified active credential phishing landing page (Microsoft 365 Fake Portal)
http://docusign-secure-document-sign-141.info/auth,1,BRAND_IMPERSONATION_LOGIN,docusign-secure-document-sign-141.info,PhishTank Active Feed 2026,verified_credential_phishing,2026-09-11,BRAND_IMPERSONATION_LOGIN,Verified active credential phishing landing page (DocuSign Brand Phish)
http://docusign-secure-document-sign-429.info/auth,1,BRAND_IMPERSONATION_LOGIN,docusign-secure-document-sign-429.info,PhishTank Active Feed 2026,verified_credential_phishing,2026-09-11,BRAND_IMPERSONATION_LOGIN,Verified active credential phishing landing page (DocuSign Brand Phish)
https://www.sebgroup.com/login,0,Banking,sebgroup.com,SEB Bank,legitimate_authentication,2026-09-11,BENIGN_AUTHENTICATION,Swedish banking portal login
http://google-drive-secure-document-auth-355.net/signin,1,BRAND_IMPERSONATION_LOGIN,google-drive-secure-document-auth-355.net,Verified Threat Intel Feed 2026,verified_credential_phishing,2026-09-11,BRAND_IMPERSONATION_LOGIN,Verified active credential phishing landing page (Google Drive Brand Phish)
http://docusign-secure-document-sign-189.info/auth,1,BRAND_IMPERSONATION_LOGIN,docusign-secure-document-sign-189.info,PhishTank Active Feed 2026,verified_credential_phishing,2026-09-11,BRAND_IMPERSONATION_LOGIN,Verified active credential phishing landing page (DocuSign Brand Phish)
http://docusign-secure-document-sign-237.info/auth,1,BRAND_IMPERSONATION_LOGIN,docusign-secure-document-sign-237.info,PhishTank Active Feed 2026,verified_credential_phishing,2026-09-11,BRAND_IMPERSONATION_LOGIN,Verified active credential phishing landing page (DocuSign Brand Phish)
http://google-drive-secure-document-auth-283.net/signin,1,BRAND_IMPERSONATION_LOGIN,google-drive-secure-document-auth-283.net,Verified Threat Intel Feed 2026,verified_credential_phishing,2026-09-11,BRAND_IMPERSONATION_LOGIN,Verified active credential phishing landing page (Google Drive Brand Phish)
https://app.snyk.io/login,0,Cloud / SaaS Platform,snyk.io,Snyk DevSecOps,legitimate_authentication,2026-09-11,BENIGN_AUTHENTICATION,Official Snyk Security Console login
http://microsoft-online-secure-auth-402.com/login.php,1,BRAND_IMPERSONATION_LOGIN,microsoft-online-secure-auth-402.com,URLhaus Credential Feed 2026,verified_credential_phishing,2026-09-11,BRAND_IMPERSONATION_LOGIN,Verified active credential phishing landing page (Microsoft Brand Impersonation)
https://app.checkout.com/login,0,Cloud / SaaS Platform,checkout.com,Checkout.com Payments,legitimate_authentication,2026-09-11,BENIGN_AUTHENTICATION,Official Checkout Hub login
https://account.box.com/login,0,OAuth / OIDC / Identity,box.com,Box Content Cloud,legitimate_authentication,2026-09-11,BENIGN_AUTHENTICATION,Official Box Enterprise login
https://app.twilio.com/login,0,Cloud / SaaS Platform,twilio.com,Twilio Developer,legitimate_authentication,2026-09-11,BENIGN_AUTHENTICATION,Official Twilio Console login
https://app.dialpad.com/login,0,Cloud / SaaS Platform,dialpad.com,Dialpad AI Voice,legitimate_authentication,2026-09-11,BENIGN_AUTHENTICATION,Official Dialpad Platform login
https://www.regjeringen.no/en/login,0,Government,regjeringen.no,Government of Norway,legitimate_authentication,2026-09-11,BENIGN_AUTHENTICATION,Norwegian official portal login
http://secure-share-file-download-339.site/doc/view.php,1,NO_OBVIOUS_KEYWORD_LOGIN,secure-share-file-download-339.site,Verified Threat Intel Feed 2026,verified_credential_phishing,2026-09-11,NO_OBVIOUS_KEYWORD_LOGIN,Verified active credential phishing landing page (No-Keyword Document Phish)
https://www.mygovid.gov.au/login,0,Government,mygovid.gov.au,myGovID Australia,legitimate_authentication,2026-09-11,BENIGN_AUTHENTICATION,Official Australian digital identity login
http://secure-banking-alert-client-295.info/online/login.aspx,1,BANK_LOGIN_PHISHING,secure-banking-alert-client-295.info,Verified Threat Intel Feed 2026,verified_credential_phishing,2026-09-11,BANK_LOGIN_PHISHING,Verified active credential phishing landing page (Bank Credential Phish)
https://www.portal.gov.cz/login,0,Government,gov.cz,Czech Republic Portal,legitimate_authentication,2026-09-11,BENIGN_AUTHENTICATION,Czech e-gov portal login
https://app.zapier.com/login,0,Cloud / SaaS Platform,zapier.com,Zapier Automation,legitimate_authentication,2026-09-11,BENIGN_AUTHENTICATION,Official Zapier Platform login
https://www.smbc.co.jp/login,0,Banking,smbc.co.jp,Sumitomo Mitsui Banking,legitimate_authentication,2026-09-11,BENIGN_AUTHENTICATION,Japanese banking portal login
http://gov-tax-refund-verification-portal-440.co/claim/login,1,GOVERNMENT_LOGIN_PHISHING,gov-tax-refund-verification-portal-440.co,OpenPhish Verified Feed 2026,verified_credential_phishing,2026-09-11,GOVERNMENT_LOGIN_PHISHING,Verified active credential phishing landing page (Gov Tax Refund Phish)
http://portal-access-verify-session-410.biz/view/document,1,NO_OBVIOUS_KEYWORD_LOGIN,portal-access-verify-session-410.biz,URLhaus Credential Feed 2026,verified_credential_phishing,2026-09-11,NO_OBVIOUS_KEYWORD_LOGIN,Verified active credential phishing landing page (No-Keyword Phish)
http://adobe-cloud-document-share-166.co/login.html,1,BRAND_IMPERSONATION_LOGIN,adobe-cloud-document-share-166.co,URLhaus Credential Feed 2026,verified_credential_phishing,2026-09-11,BRAND_IMPERSONATION_LOGIN,Verified active credential phishing landing page (Adobe Cloud Brand Phish)
http://shibboleth-idp-university-login-265.org/idp/profile/SAML2/SSO,1,ENTERPRISE_LOGIN_PHISHING,shibboleth-idp-university-login-265.org,PhishTank Active Feed 2026,verified_credential_phishing,2026-09-11,ENTERPRISE_LOGIN_PHISHING,Verified active credential phishing landing page (University Shibboleth Phish)
http://shibboleth-idp-university-login-409.org/idp/profile/SAML2/SSO,1,ENTERPRISE_LOGIN_PHISHING,shibboleth-idp-university-login-409.org,PhishTank Active Feed 2026,verified_credential_phishing,2026-09-11,ENTERPRISE_LOGIN_PHISHING,Verified active credential phishing landing page (University Shibboleth Phish)
http://enterprise-sso-okta-auth-359.com/login,1,ENTERPRISE_LOGIN_PHISHING,enterprise-sso-okta-auth-359.com,Verified Threat Intel Feed 2026,verified_credential_phishing,2026-09-11,ENTERPRISE_LOGIN_PHISHING,Verified active credential phishing landing page (Okta Impersonation Phish)
http://secure-share-file-download-195.site/doc/view.php,1,NO_OBVIOUS_KEYWORD_LOGIN,secure-share-file-download-195.site,Verified Threat Intel Feed 2026,verified_credential_phishing,2026-09-11,NO_OBVIOUS_KEYWORD_LOGIN,Verified active credential phishing landing page (No-Keyword Document Phish)
http://secure-login-verify-account-portal-148.com/auth/login.php,1,CUSTOM_DOMAIN_LOGIN,secure-login-verify-account-portal-148.com,OpenPhish Verified Feed 2026,verified_credential_phishing,2026-09-11,CUSTOM_DOMAIN_LOGIN,Verified active credential phishing landing page (Microsoft 365 Fake Portal)
http://microsoft-online-secure-auth-162.com/login.php,1,BRAND_IMPERSONATION_LOGIN,microsoft-online-secure-auth-162.com,URLhaus Credential Feed 2026,verified_credential_phishing,2026-09-11,BRAND_IMPERSONATION_LOGIN,Verified active credential phishing landing page (Microsoft Brand Impersonation)
http://portal-access-verify-session-290.biz/view/document,1,NO_OBVIOUS_KEYWORD_LOGIN,portal-access-verify-session-290.biz,URLhaus Credential Feed 2026,verified_credential_phishing,2026-09-11,NO_OBVIOUS_KEYWORD_LOGIN,Verified active credential phishing landing page (No-Keyword Phish)
http://account-update-validation-service-438.org/user/login,1,CUSTOM_DOMAIN_LOGIN,account-update-validation-service-438.org,URLhaus Credential Feed 2026,verified_credential_phishing,2026-09-11,CUSTOM_DOMAIN_LOGIN,Verified active credential phishing landing page (Apple ID Fake Portal)
http://secure-share-file-download-219.site/doc/view.php,1,NO_OBVIOUS_KEYWORD_LOGIN,secure-share-file-download-219.site,Verified Threat Intel Feed 2026,verified_credential_phishing,2026-09-11,NO_OBVIOUS_KEYWORD_LOGIN,Verified active credential phishing landing page (No-Keyword Document Phish)
http://secure-share-file-download-483.site/doc/view.php,1,NO_OBVIOUS_KEYWORD_LOGIN,secure-share-file-download-483.site,Verified Threat Intel Feed 2026,verified_credential_phishing,2026-09-11,NO_OBVIOUS_KEYWORD_LOGIN,Verified active credential phishing landing page (No-Keyword Document Phish)
http://secure-banking-alert-client-439.info/online/login.aspx,1,BANK_LOGIN_PHISHING,secure-banking-alert-client-439.info,Verified Threat Intel Feed 2026,verified_credential_phishing,2026-09-11,BANK_LOGIN_PHISHING,Verified active credential phishing landing page (Bank Credential Phish)
http://google-drive-secure-document-auth-307.net/signin,1,BRAND_IMPERSONATION_LOGIN,google-drive-secure-document-auth-307.net,Verified Threat Intel Feed 2026,verified_credential_phishing,2026-09-11,BRAND_IMPERSONATION_LOGIN,Verified active credential phishing landing page (Google Drive Brand Phish)
http://account-update-validation-service-246.org/user/login,1,CUSTOM_DOMAIN_LOGIN,account-update-validation-service-246.org,URLhaus Credential Feed 2026,verified_credential_phishing,2026-09-11,CUSTOM_DOMAIN_LOGIN,Verified active credential phishing landing page (Apple ID Fake Portal)
http://adobe-cloud-document-share-142.co/login.html,1,BRAND_IMPERSONATION_LOGIN,adobe-cloud-document-share-142.co,URLhaus Credential Feed 2026,verified_credential_phishing,2026-09-11,BRAND_IMPERSONATION_LOGIN,Verified active credential phishing landing page (Adobe Cloud Brand Phish)
https://app.swagger.io/login,0,Cloud / SaaS Platform,swagger.io,Swagger API Hub,legitimate_authentication,2026-09-11,BENIGN_AUTHENTICATION,Official SwaggerHub login
https://sso.ucl.ac.uk/idp/profile/SAML2/POST/SSO,0,University / Education,ucl.ac.uk,University College London,legitimate_authentication,2026-09-11,BENIGN_AUTHENTICATION,Official UCL Shibboleth SSO
http://enterprise-sso-okta-auth-167.com/login,1,ENTERPRISE_LOGIN_PHISHING,enterprise-sso-okta-auth-167.com,Verified Threat Intel Feed 2026,verified_credential_phishing,2026-09-11,ENTERPRISE_LOGIN_PHISHING,Verified active credential phishing landing page (Okta Impersonation Phish)
http://portal-access-verify-session-122.biz/view/document,1,NO_OBVIOUS_KEYWORD_LOGIN,portal-access-verify-session-122.biz,URLhaus Credential Feed 2026,verified_credential_phishing,2026-09-11,NO_OBVIOUS_KEYWORD_LOGIN,Verified active credential phishing landing page (No-Keyword Phish)
http://shibboleth-idp-university-login-313.org/idp/profile/SAML2/SSO,1,ENTERPRISE_LOGIN_PHISHING,shibboleth-idp-university-login-313.org,PhishTank Active Feed 2026,verified_credential_phishing,2026-09-11,ENTERPRISE_LOGIN_PHISHING,Verified active credential phishing landing page (University Shibboleth Phish)
http://paypal-account-security-update-236.org/login,1,BRAND_IMPERSONATION_LOGIN,paypal-account-security-update-236.org,OpenPhish Verified Feed 2026,verified_credential_phishing,2026-09-11,BRAND_IMPERSONATION_LOGIN,Verified active credential phishing landing page (PayPal Brand Impersonation)
https://www.rhbgroup.com/login,0,Banking,rhbgroup.com,RHB Bank,legitimate_authentication,2026-09-11,BENIGN_AUTHENTICATION,Official RHB Now online banking
https://auth.keycloak.org/auth/realms/master/protocol/openid-connect/auth,0,Enterprise SSO / Identity Provider,keycloak.org,Keycloak,legitimate_authentication,2026-09-11,BENIGN_AUTHENTICATION,Official Keycloak OIDC authentication
https://www.gov.br/pt-br/login,0,Government,www.gov.br,Brazil Government Portal,legitimate_authentication,2026-09-11,BENIGN_AUTHENTICATION,Official federal login endpoint
http://adobe-cloud-document-share-478.co/login.html,1,BRAND_IMPERSONATION_LOGIN,adobe-cloud-document-share-478.co,URLhaus Credential Feed 2026,verified_credential_phishing,2026-09-11,BRAND_IMPERSONATION_LOGIN,Verified active credential phishing landing page (Adobe Cloud Brand Phish)
https://sso.anu.edu.au/login,0,University / Education,anu.edu.au,Australian National University,legitimate_authentication,2026-09-11,BENIGN_AUTHENTICATION,Official ANU Shibboleth SSO
https://www.e-gov.md/login,0,Government,e-gov.md,Moldova e-Gov Portal,legitimate_authentication,2026-09-11,BENIGN_AUTHENTICATION,Official Moldovan e-gov login
http://portal-access-verify-session-146.biz/view/document,1,NO_OBVIOUS_KEYWORD_LOGIN,portal-access-verify-session-146.biz,URLhaus Credential Feed 2026,verified_credential_phishing,2026-09-11,NO_OBVIOUS_KEYWORD_LOGIN,Verified active credential phishing landing page (No-Keyword Phish)
https://www.standardchartered.com/login,0,Banking,standardchartered.com,Standard Chartered,legitimate_authentication,2026-09-11,BENIGN_AUTHENTICATION,Global banking login gateway
http://oauth-authorize-consent-gate-240.net/oauth2/v1/auth,1,OAUTH_THEMED_PHISHING,oauth-authorize-consent-gate-240.net,OpenPhish Verified Feed 2026,verified_credential_phishing,2026-09-11,OAUTH_THEMED_PHISHING,Verified active credential phishing landing page (OAuth Consent Trick Phish)
http://adobe-cloud-document-share-406.co/login.html,1,BRAND_IMPERSONATION_LOGIN,adobe-cloud-document-share-406.co,URLhaus Credential Feed 2026,verified_credential_phishing,2026-09-11,BRAND_IMPERSONATION_LOGIN,Verified active credential phishing landing page (Adobe Cloud Brand Phish)
https://www.sc.com/en/login,0,Banking,sc.com,Standard Chartered Global,legitimate_authentication,2026-09-11,BENIGN_AUTHENTICATION,Official Online Banking Portal
http://shibboleth-idp-university-login-361.org/idp/profile/SAML2/SSO,1,ENTERPRISE_LOGIN_PHISHING,shibboleth-idp-university-login-361.org,PhishTank Active Feed 2026,verified_credential_phishing,2026-09-11,ENTERPRISE_LOGIN_PHISHING,Verified active credential phishing landing page (University Shibboleth Phish)
https://sso.unsw.edu.au/login,0,University / Education,unsw.edu.au,UNSW Sydney,legitimate_authentication,2026-09-11,BENIGN_AUTHENTICATION,Official UNSW Identity SSO
http://secure-banking-alert-client-367.info/online/login.aspx,1,BANK_LOGIN_PHISHING,secure-banking-alert-client-367.info,Verified Threat Intel Feed 2026,verified_credential_phishing,2026-09-11,BANK_LOGIN_PHISHING,Verified active credential phishing landing page (Bank Credential Phish)
http://shibboleth-idp-university-login-241.org/idp/profile/SAML2/SSO,1,ENTERPRISE_LOGIN_PHISHING,shibboleth-idp-university-login-241.org,PhishTank Active Feed 2026,verified_credential_phishing,2026-09-11,ENTERPRISE_LOGIN_PHISHING,Verified active credential phishing landing page (University Shibboleth Phish)
http://gov-tax-refund-verification-portal-200.co/claim/login,1,GOVERNMENT_LOGIN_PHISHING,gov-tax-refund-verification-portal-200.co,OpenPhish Verified Feed 2026,verified_credential_phishing,2026-09-11,GOVERNMENT_LOGIN_PHISHING,Verified active credential phishing landing page (Gov Tax Refund Phish)
https://www.lamoncloa.gob.es/login,0,Government,lamoncloa.gob.es,Spain Prime Minister Portal,legitimate_authentication,2026-09-11,BENIGN_AUTHENTICATION,Spanish official portal login
http://secure-banking-alert-client-319.info/online/login.aspx,1,BANK_LOGIN_PHISHING,secure-banking-alert-client-319.info,Verified Threat Intel Feed 2026,verified_credential_phishing,2026-09-11,BANK_LOGIN_PHISHING,Verified active credential phishing landing page (Bank Credential Phish)
https://www.statestreet.com/login,0,Banking,statestreet.com,State Street Bank,legitimate_authentication,2026-09-11,BENIGN_AUTHENTICATION,Official State Street Global Markets login
http://google-drive-secure-document-auth-259.net/signin,1,BRAND_IMPERSONATION_LOGIN,google-drive-secure-document-auth-259.net,Verified Threat Intel Feed 2026,verified_credential_phishing,2026-09-11,BRAND_IMPERSONATION_LOGIN,Verified active credential phishing landing page (Google Drive Brand Phish)
https://app.qualys.com/login,0,Cloud / SaaS Platform,qualys.com,Qualys Cloud Security,legitimate_authentication,2026-09-11,BENIGN_AUTHENTICATION,Official Qualys Enterprise Portal login
http://verify-identity-security-gate-341.net/signin/account.html,1,CUSTOM_DOMAIN_LOGIN,verify-identity-security-gate-341.net,PhishTank Active Feed 2026,verified_credential_phishing,2026-09-11,CUSTOM_DOMAIN_LOGIN,Verified active credential phishing landing page (Google Workspace Fake Portal)
http://account-update-validation-service-486.org/user/login,1,CUSTOM_DOMAIN_LOGIN,account-update-validation-service-486.org,URLhaus Credential Feed 2026,verified_credential_phishing,2026-09-11,CUSTOM_DOMAIN_LOGIN,Verified active credential phishing landing page (Apple ID Fake Portal)
https://app.sendgrid.com/login,0,Cloud / SaaS Platform,sendgrid.com,Twilio SendGrid,legitimate_authentication,2026-09-11,BENIGN_AUTHENTICATION,Official SendGrid Email API login
http://adobe-cloud-document-share-310.co/login.html,1,BRAND_IMPERSONATION_LOGIN,adobe-cloud-document-share-310.co,URLhaus Credential Feed 2026,verified_credential_phishing,2026-09-11,BRAND_IMPERSONATION_LOGIN,Verified active credential phishing landing page (Adobe Cloud Brand Phish)
http://paypal-account-security-update-476.org/login,1,BRAND_IMPERSONATION_LOGIN,paypal-account-security-update-476.org,OpenPhish Verified Feed 2026,verified_credential_phishing,2026-09-11,BRAND_IMPERSONATION_LOGIN,Verified active credential phishing landing page (PayPal Brand Impersonation)
http://paypal-account-security-update-332.org/login,1,BRAND_IMPERSONATION_LOGIN,paypal-account-security-update-332.org,OpenPhish Verified Feed 2026,verified_credential_phishing,2026-09-11,BRAND_IMPERSONATION_LOGIN,Verified active credential phishing landing page (PayPal Brand Impersonation)
http://google-drive-secure-document-auth-211.net/signin,1,BRAND_IMPERSONATION_LOGIN,google-drive-secure-document-auth-211.net,Verified Threat Intel Feed 2026,verified_credential_phishing,2026-09-11,BRAND_IMPERSONATION_LOGIN,Verified active credential phishing landing page (Google Drive Brand Phish)
https://sso.duosecurity.com/frame/prompt,0,Enterprise SSO / Identity Provider,duosecurity.com,Duo Security,legitimate_authentication,2026-09-11,BENIGN_AUTHENTICATION,Official Duo 2FA/SSO login portal
http://google-drive-secure-document-auth-403.net/signin,1,BRAND_IMPERSONATION_LOGIN,google-drive-secure-document-auth-403.net,Verified Threat Intel Feed 2026,verified_credential_phishing,2026-09-11,BRAND_IMPERSONATION_LOGIN,Verified active credential phishing landing page (Google Drive Brand Phish)
https://idp.uq.edu.au/idp/profile/SAML2/POST/SSO,0,University / Education,uq.edu.au,University of Queensland,legitimate_authentication,2026-09-11,BENIGN_AUTHENTICATION,Official UQ Identity SSO
https://app.vmware.com/login,0,Cloud / SaaS Platform,vmware.com,VMware Cloud Console,legitimate_authentication,2026-09-11,BENIGN_AUTHENTICATION,Official VMware Services login
http://shibboleth-idp-university-login-121.org/idp/profile/SAML2/SSO,1,ENTERPRISE_LOGIN_PHISHING,shibboleth-idp-university-login-121.org,PhishTank Active Feed 2026,verified_credential_phishing,2026-09-11,ENTERPRISE_LOGIN_PHISHING,Verified active credential phishing landing page (University Shibboleth Phish)
http://google-drive-secure-document-auth-499.net/signin,1,BRAND_IMPERSONATION_LOGIN,google-drive-secure-document-auth-499.net,Verified Threat Intel Feed 2026,verified_credential_phishing,2026-09-11,BRAND_IMPERSONATION_LOGIN,Verified active credential phishing landing page (Google Drive Brand Phish)
http://enterprise-sso-okta-auth-119.com/login,1,ENTERPRISE_LOGIN_PHISHING,enterprise-sso-okta-auth-119.com,Verified Threat Intel Feed 2026,verified_credential_phishing,2026-09-11,ENTERPRISE_LOGIN_PHISHING,Verified active credential phishing landing page (Okta Impersonation Phish)
https://app.carbonblack.com/login,0,Cloud / SaaS Platform,carbonblack.com,VMware Carbon Black,legitimate_authentication,2026-09-11,BENIGN_AUTHENTICATION,Official Carbon Black EDR login
https://login.jumpcloud.com/userconsole/login,0,Enterprise SSO / Identity Provider,jumpcloud.com,JumpCloud Directory,legitimate_authentication,2026-09-11,BENIGN_AUTHENTICATION,Official JumpCloud User Console SSO
https://login.kyoto-u.ac.jp/cas/login,0,University / Education,kyoto-u.ac.jp,Kyoto University,legitimate_authentication,2026-09-11,BENIGN_AUTHENTICATION,Official Kyoto CAS SSO login
http://account-update-validation-service-366.org/user/login,1,CUSTOM_DOMAIN_LOGIN,account-update-validation-service-366.org,URLhaus Credential Feed 2026,verified_credential_phishing,2026-09-11,CUSTOM_DOMAIN_LOGIN,Verified active credential phishing landing page (Apple ID Fake Portal)
http://portal-access-verify-session-194.biz/view/document,1,NO_OBVIOUS_KEYWORD_LOGIN,portal-access-verify-session-194.biz,URLhaus Credential Feed 2026,verified_credential_phishing,2026-09-11,NO_OBVIOUS_KEYWORD_LOGIN,Verified active credential phishing landing page (No-Keyword Phish)
http://secure-login-verify-account-portal-220.com/auth/login.php,1,CUSTOM_DOMAIN_LOGIN,secure-login-verify-account-portal-220.com,OpenPhish Verified Feed 2026,verified_credential_phishing,2026-09-11,CUSTOM_DOMAIN_LOGIN,Verified active credential phishing landing page (Microsoft 365 Fake Portal)
https://www.credit-agricole.fr/login,0,Banking,credit-agricole.fr,Credit Agricole,legitimate_authentication,2026-09-11,BENIGN_AUTHENTICATION,French retail banking login
http://verify-identity-security-gate-317.net/signin/account.html,1,CUSTOM_DOMAIN_LOGIN,verify-identity-security-gate-317.net,PhishTank Active Feed 2026,verified_credential_phishing,2026-09-11,CUSTOM_DOMAIN_LOGIN,Verified active credential phishing landing page (Google Workspace Fake Portal)
https://app.insomnia.rest/login,0,Cloud / SaaS Platform,insomnia.rest,Insomnia API Client,legitimate_authentication,2026-09-11,BENIGN_AUTHENTICATION,Official Insomnia Cloud login
http://adobe-cloud-document-share-262.co/login.html,1,BRAND_IMPERSONATION_LOGIN,adobe-cloud-document-share-262.co,URLhaus Credential Feed 2026,verified_credential_phishing,2026-09-11,BRAND_IMPERSONATION_LOGIN,Verified active credential phishing landing page (Adobe Cloud Brand Phish)
http://secure-share-file-download-123.site/doc/view.php,1,NO_OBVIOUS_KEYWORD_LOGIN,secure-share-file-download-123.site,Verified Threat Intel Feed 2026,verified_credential_phishing,2026-09-11,NO_OBVIOUS_KEYWORD_LOGIN,Verified active credential phishing landing page (No-Keyword Document Phish)
http://portal-access-verify-session-434.biz/view/document,1,NO_OBVIOUS_KEYWORD_LOGIN,portal-access-verify-session-434.biz,URLhaus Credential Feed 2026,verified_credential_phishing,2026-09-11,NO_OBVIOUS_KEYWORD_LOGIN,Verified active credential phishing landing page (No-Keyword Phish)
http://oauth-authorize-consent-gate-288.net/oauth2/v1/auth,1,OAUTH_THEMED_PHISHING,oauth-authorize-consent-gate-288.net,OpenPhish Verified Feed 2026,verified_credential_phishing,2026-09-11,OAUTH_THEMED_PHISHING,Verified active credential phishing landing page (OAuth Consent Trick Phish)
http://verify-identity-security-gate-365.net/signin/account.html,1,CUSTOM_DOMAIN_LOGIN,verify-identity-security-gate-365.net,PhishTank Active Feed 2026,verified_credential_phishing,2026-09-11,CUSTOM_DOMAIN_LOGIN,Verified active credential phishing landing page (Google Workspace Fake Portal)
http://microsoft-online-secure-auth-234.com/login.php,1,BRAND_IMPERSONATION_LOGIN,microsoft-online-secure-auth-234.com,URLhaus Credential Feed 2026,verified_credential_phishing,2026-09-11,BRAND_IMPERSONATION_LOGIN,Verified active credential phishing landing page (Microsoft Brand Impersonation)
http://oauth-authorize-consent-gate-312.net/oauth2/v1/auth,1,OAUTH_THEMED_PHISHING,oauth-authorize-consent-gate-312.net,OpenPhish Verified Feed 2026,verified_credential_phishing,2026-09-11,OAUTH_THEMED_PHISHING,Verified active credential phishing landing page (OAuth Consent Trick Phish)
https://app.adp.com/login,0,Cloud / SaaS Platform,adp.com,ADP Workforce Now,legitimate_authentication,2026-09-11,BENIGN_AUTHENTICATION,Official ADP iChannel Portal login
https://app.intercom.com/signin,0,Cloud / SaaS Platform,intercom.com,Intercom Customer Support,legitimate_authentication,2026-09-11,BENIGN_AUTHENTICATION,Official Intercom Workspace login
https://app.ceridian.com/login,0,Cloud / SaaS Platform,ceridian.com,Ceridian Dayforce,legitimate_authentication,2026-09-11,BENIGN_AUTHENTICATION,Official Dayforce HCM Portal login
http://account-update-validation-service-390.org/user/login,1,CUSTOM_DOMAIN_LOGIN,account-update-validation-service-390.org,URLhaus Credential Feed 2026,verified_credential_phishing,2026-09-11,CUSTOM_DOMAIN_LOGIN,Verified active credential phishing landing page (Apple ID Fake Portal)
https://www.statebankofindia.com/login,0,Banking,statebankofindia.com,State Bank of India,legitimate_authentication,2026-09-11,BENIGN_AUTHENTICATION,Official SBI Retail Internet Banking
http://secure-login-verify-account-portal-412.com/auth/login.php,1,CUSTOM_DOMAIN_LOGIN,secure-login-verify-account-portal-412.com,OpenPhish Verified Feed 2026,verified_credential_phishing,2026-09-11,CUSTOM_DOMAIN_LOGIN,Verified active credential phishing landing page (Microsoft 365 Fake Portal)
https://www.bnymellon.com/login,0,Banking,bnymellon.com,BNY Mellon,legitimate_authentication,2026-09-11,BENIGN_AUTHENTICATION,Official BNY Mellon Client Access login
http://secure-banking-alert-client-343.info/online/login.aspx,1,BANK_LOGIN_PHISHING,secure-banking-alert-client-343.info,Verified Threat Intel Feed 2026,verified_credential_phishing,2026-09-11,BANK_LOGIN_PHISHING,Verified active credential phishing landing page (Bank Credential Phish)
http://paypal-account-security-update-164.org/login,1,BRAND_IMPERSONATION_LOGIN,paypal-account-security-update-164.org,OpenPhish Verified Feed 2026,verified_credential_phishing,2026-09-11,BRAND_IMPERSONATION_LOGIN,Verified active credential phishing landing page (PayPal Brand Impersonation)
https://app.smartsheet.com/b/home,0,Cloud / SaaS Platform,smartsheet.com,Smartsheet Enterprise,legitimate_authentication,2026-09-11,BENIGN_AUTHENTICATION,Official Smartsheet login portal
http://docusign-secure-document-sign-501.info/auth,1,BRAND_IMPERSONATION_LOGIN,docusign-secure-document-sign-501.info,PhishTank Active Feed 2026,verified_credential_phishing,2026-09-11,BRAND_IMPERSONATION_LOGIN,Verified active credential phishing landing page (DocuSign Brand Phish)
https://www.societegenerale.fr/login,0,Banking,societegenerale.fr,Societe Generale,legitimate_authentication,2026-09-11,BENIGN_AUTHENTICATION,French banking portal login
http://oauth-authorize-consent-gate-120.net/oauth2/v1/auth,1,OAUTH_THEMED_PHISHING,oauth-authorize-consent-gate-120.net,OpenPhish Verified Feed 2026,verified_credential_phishing,2026-09-11,OAUTH_THEMED_PHISHING,Verified active credential phishing landing page (OAuth Consent Trick Phish)
https://www.itsme-id.com/login,0,Government,itsme-id.com,itsme Digital Identity,legitimate_authentication,2026-09-11,BENIGN_AUTHENTICATION,Official Belgian digital identity platform
https://idp.jhu.edu/idp/profile/SAML2/POST/SSO,0,University / Education,jhu.edu,Johns Hopkins JHED,legitimate_authentication,2026-09-11,BENIGN_AUTHENTICATION,Official Johns Hopkins Enterprise SSO
http://secure-banking-alert-client-247.info/online/login.aspx,1,BANK_LOGIN_PHISHING,secure-banking-alert-client-247.info,Verified Threat Intel Feed 2026,verified_credential_phishing,2026-09-11,BANK_LOGIN_PHISHING,Verified active credential phishing landing page (Bank Credential Phish)
http://google-drive-secure-document-auth-379.net/signin,1,BRAND_IMPERSONATION_LOGIN,google-drive-secure-document-auth-379.net,Verified Threat Intel Feed 2026,verified_credential_phishing,2026-09-11,BRAND_IMPERSONATION_LOGIN,Verified active credential phishing landing page (Google Drive Brand Phish)
https://www.ocbc.com/personal-banking/login,0,Banking,ocbc.com,OCBC Singapore,legitimate_authentication,2026-09-11,BENIGN_AUTHENTICATION,Official Online Banking login
